game_date,player_name,pitch_type,release_speed,release_spin_rate,plate_x,plate_z,description,batter,inning,outs_when_up
2024-04-20,Gerrit Cole,CH,99.2,2709,1.3,3.54,ball,5000,6,1
2024-04-19,Spencer Strider,CH,97.5,2009,0.35,3.69,ball,5023,6,0
2024-04-19,Shohei Ohtani,SI,94.1,1861,-0.1,3.83,swinging_strike,5014,2,0
2024-04-18,Gerrit Cole,CU,80.6,2155,-1.18,4.32,called_strike,5024,7,1
2024-04-15,Zac Gallen,SI,75.7,2369,-1.29,1.21,ball,5004,9,2
2024-04-15,Spencer Strider,SI,93.0,2672,-0.23,2.46,swinging_strike,5000,7,0
2024-04-21,Shohei Ohtani,SL,97.7,2352,0.61,1.52,ball,5022,3,1
2024-04-15,Gerrit Cole,CH,94.5,2176,0.64,2.78,ball,5007,5,1
2024-04-15,Shohei Ohtani,SL,95.8,1959,-0.75,2.83,hit_into_play,5021,9,1
2024-04-20,Gerrit Cole,CH,96.8,2602,0.32,4.25,called_strike,5017,7,1
2024-04-18,Max Fried,CU,100.7,2267,0.24,2.78,ball,5019,6,2
2024-04-16,Spencer Strider,CH,85.9,2479,-1.05,2.11,swinging_strike,5009,6,2
2024-04-18,Gerrit Cole,CU,95.6,2432,0.74,3.61,hit_into_play,5003,4,1
2024-04-21,Zac Gallen,CU,92.0,2442,-1.35,1.31,called_strike,5010,6,1
2024-04-17,Shohei Ohtani,SL,94.2,1884,-0.48,3.21,swinging_strike,5019,9,2
2024-04-20,Gerrit Cole,FC,79.4,2272,1.14,3.26,swinging_strike,5017,4,1
2024-04-21,Zac Gallen,CU,88.0,1888,0.84,3.36,foul,5020,2,2
2024-04-15,Gerrit Cole,FC,85.3,2156,-0.88,1.07,foul,5019,8,0
2024-04-16,Zac Gallen,FC,85.4,1987,-0.46,3.07,called_strike,5008,9,1
2024-04-21,Gerrit Cole,SI,100.7,1810,1.3,1.4,swinging_strike,5002,2,2
2024-04-16,Zac Gallen,CU,87.1,2686,-1.48,2.15,swinging_strike,5014,8,2
2024-04-20,Zac Gallen,CH,93.7,2174,0.29,1.11,ball,5021,6,2
2024-04-17,Max Fried,CH,83.5,1886,-0.46,1.6,swinging_strike,5015,6,2
2024-04-18,Gerrit Cole,FF,93.0,2650,-0.97,1.81,called_strike,5015,8,2
2024-04-16,Max Fried,CH,83.4,2549,-0.66,1.38,swinging_strike,5022,3,1
2024-04-19,Max Fried,CH,90.9,2291,-0.86,2.85,swinging_strike,5020,9,0
2024-04-18,Max Fried,FF,99.8,2129,-0.52,3.21,called_strike,5003,7,0
2024-04-19,Zac Gallen,SL,98.6,2620,0.92,1.12,hit_into_play,5009,4,0
2024-04-20,Gerrit Cole,FC,77.6,2353,-0.32,1.56,swinging_strike,5020,9,0
2024-04-19,Zac Gallen,CU,96.2,2369,1.34,1.27,foul,5003,3,0
2024-04-16,Max Fried,FC,88.9,1940,0.27,3.3,foul,5006,2,2
2024-04-20,Gerrit Cole,SI,85.7,2700,-1.38,4.31,swinging_strike,5013,6,2
2024-04-15,Shohei Ohtani,FF,85.7,2562,1.07,2.34,ball,5011,2,0
2024-04-17,Max Fried,CH,85.3,2221,-0.6,1.37,foul,5016,2,1
2024-04-21,Spencer Strider,FC,96.4,1842,0.1,1.16,ball,5009,5,1
2024-04-18,Zac Gallen,FF,85.9,1822,-0.03,4.28,foul,5021,3,0
2024-04-21,Shohei Ohtani,FC,83.7,2160,-0.84,1.41,ball,5023,9,1
2024-04-19,Zac Gallen,CU,77.4,2243,-1.37,2.53,called_strike,5016,3,0
2024-04-16,Max Fried,FC,97.2,1920,-0.39,1.52,swinging_strike,5019,5,0
2024-04-19,Shohei Ohtani,SI,88.7,1870,-0.65,1.4,hit_into_play,5015,6,0
2024-04-18,Shohei Ohtani,SL,83.6,1911,-1.0,2.82,hit_into_play,5002,9,1
2024-04-15,Zac Gallen,CU,93.3,2202,0.61,2.48,swinging_strike,5012,9,0
2024-04-20,Spencer Strider,FF,95.2,2765,-0.54,2.22,hit_into_play,5000,1,0
2024-04-20,Gerrit Cole,CH,92.9,2717,-0.33,1.93,hit_into_play,5006,1,0
2024-04-19,Spencer Strider,FC,97.3,2259,-0.88,1.31,called_strike,5009,9,1
2024-04-20,Zac Gallen,FC,88.6,2267,0.93,1.43,foul,5002,9,1
2024-04-15,Spencer Strider,CH,90.5,2333,-0.74,3.89,swinging_strike,5023,3,1
2024-04-16,Zac Gallen,FF,78.8,2073,-0.52,1.09,hit_into_play,5018,2,0
2024-04-18,Spencer Strider,CU,79.4,2016,0.05,1.87,foul,5007,2,0
2024-04-16,Spencer Strider,FF,80.3,2461,-0.23,3.18,ball,5003,6,1
2024-04-20,Shohei Ohtani,SL,94.6,2453,-1.27,1.54,swinging_strike,5022,2,1
2024-04-15,Spencer Strider,FC,99.5,2037,0.72,3.62,hit_into_play,5005,1,1
2024-04-20,Max Fried,SI,90.6,2024,-0.82,1.1,hit_into_play,5024,1,0
2024-04-19,Zac Gallen,SL,100.3,2651,-1.29,1.21,called_strike,5024,8,0
2024-04-17,Gerrit Cole,CH,89.7,1821,1.39,3.22,swinging_strike,5009,9,1
2024-04-16,Spencer Strider,SL,91.9,1968,1.14,3.23,ball,5020,3,1
2024-04-19,Max Fried,FF,93.8,2561,0.42,3.37,foul,5007,1,2
2024-04-20,Max Fried,CH,87.6,1959,0.59,2.18,called_strike,5008,9,0
2024-04-16,Gerrit Cole,CU,99.8,2470,-0.35,2.45,foul,5009,6,0
2024-04-19,Zac Gallen,FF,91.7,2051,1.35,4.21,foul,5000,8,0
2024-04-20,Shohei Ohtani,FF,99.4,2334,1.42,2.16,called_strike,5001,6,2
2024-04-18,Max Fried,SL,84.2,2457,0.87,2.62,hit_into_play,5016,3,0
2024-04-17,Gerrit Cole,SI,75.2,2365,-0.01,3.21,swinging_strike,5013,6,2
2024-04-16,Max Fried,SI,75.7,2411,0.35,2.72,ball,5008,5,1
2024-04-20,Gerrit Cole,SI,93.6,2658,0.45,1.15,called_strike,5006,7,1
2024-04-18,Shohei Ohtani,SI,93.9,2193,-0.55,2.18,ball,5010,9,0
2024-04-18,Max Fried,CU,92.8,2663,-1.12,3.69,foul,5024,7,0
2024-04-18,Shohei Ohtani,CU,89.0,2583,-0.56,4.07,swinging_strike,5024,4,0
2024-04-20,Spencer Strider,CU,82.1,2063,0.64,2.16,called_strike,5012,8,0
2024-04-15,Spencer Strider,CH,84.9,2196,-0.05,4.31,called_strike,5015,5,1
2024-04-16,Max Fried,SI,79.8,2722,0.92,1.17,hit_into_play,5018,7,2
2024-04-15,Zac Gallen,CH,97.1,2600,-1.21,3.74,ball,5021,5,2
2024-04-15,Zac Gallen,CU,95.3,2053,-0.02,1.04,swinging_strike,5010,1,0
2024-04-21,Spencer Strider,FF,76.7,2716,0.51,4.27,ball,5018,5,1
2024-04-18,Zac Gallen,FC,83.4,2469,-0.48,2.34,foul,5019,1,1
2024-04-20,Zac Gallen,CU,87.2,1808,-1.41,3.45,hit_into_play,5016,8,1
2024-04-20,Spencer Strider,CU,80.1,1952,-0.62,3.25,hit_into_play,5016,2,2
2024-04-21,Zac Gallen,CH,97.9,2222,-0.36,3.53,hit_into_play,5018,8,1
2024-04-17,Zac Gallen,CH,100.5,2463,-0.82,2.97,swinging_strike,5005,1,2
2024-04-20,Spencer Strider,SI,82.0,2667,-1.39,1.74,foul,5016,3,0
2024-04-18,Spencer Strider,SI,88.7,2159,1.06,3.61,swinging_strike,5012,5,1
2024-04-17,Shohei Ohtani,FF,98.9,2047,-0.49,4.43,hit_into_play,5005,5,0
2024-04-17,Max Fried,SL,78.3,2249,-0.65,1.73,called_strike,5004,6,0
2024-04-21,Max Fried,CH,83.1,2181,-0.94,4.47,ball,5007,6,1
2024-04-15,Zac Gallen,FC,85.4,2369,0.17,4.41,swinging_strike,5001,8,1
2024-04-15,Zac Gallen,FF,96.8,2476,-1.23,2.02,ball,5020,2,0
2024-04-15,Max Fried,FC,95.4,1824,0.14,2.64,ball,5024,9,0
2024-04-19,Spencer Strider,CU,100.6,1980,-1.27,1.12,called_strike,5022,9,0
2024-04-15,Zac Gallen,CU,87.9,2222,-0.96,3.28,ball,5024,1,1
2024-04-15,Gerrit Cole,FC,91.3,2461,-0.86,3.22,hit_into_play,5007,6,2
2024-04-17,Max Fried,FC,80.5,2753,-1.23,3.97,hit_into_play,5004,4,1
2024-04-17,Shohei Ohtani,SI,78.4,2494,0.72,3.7,swinging_strike,5018,7,0
2024-04-21,Max Fried,CU,75.5,2461,-1.44,2.02,swinging_strike,5004,2,2
2024-04-20,Max Fried,CU,78.9,1985,1.35,2.51,hit_into_play,5012,6,0
2024-04-18,Gerrit Cole,CU,98.5,2221,-0.1,3.63,swinging_strike,5013,9,1
2024-04-15,Max Fried,FF,84.8,2583,-0.98,3.68,hit_into_play,5021,6,1
2024-04-15,Spencer Strider,CU,92.9,1827,-0.77,1.25,hit_into_play,5006,4,2
2024-04-19,Max Fried,CH,83.8,2261,-1.01,3.06,hit_into_play,5024,8,2
2024-04-18,Spencer Strider,CU,90.5,2717,1.14,3.1,swinging_strike,5013,1,0
2024-04-16,Spencer Strider,FF,96.6,2758,0.69,2.55,foul,5013,3,2
2024-04-15,Gerrit Cole,CH,75.7,2092,0.0,3.13,ball,5022,8,0
2024-04-17,Max Fried,FF,90.5,2421,0.07,4.37,foul,5019,2,0
2024-04-21,Max Fried,SL,87.6,2233,-0.53,3.81,called_strike,5018,3,2
2024-04-16,Max Fried,FC,89.4,2562,-0.39,4.39,called_strike,5006,9,2
2024-04-21,Max Fried,SI,88.4,1930,1.05,1.82,foul,5019,5,0
2024-04-15,Gerrit Cole,FC,91.6,1952,0.81,4.17,hit_into_play,5019,3,0
2024-04-17,Zac Gallen,SI,83.7,2434,0.14,3.1,ball,5018,7,1
2024-04-21,Max Fried,CH,80.4,2047,-0.24,1.89,ball,5010,2,1
2024-04-15,Gerrit Cole,CH,87.2,2360,-0.87,1.63,foul,5002,4,2
2024-04-19,Spencer Strider,FF,91.3,2508,0.61,1.21,ball,5019,6,2
2024-04-21,Zac Gallen,CU,85.5,2467,0.14,2.47,hit_into_play,5003,2,2
2024-04-18,Zac Gallen,SI,88.2,1903,0.61,3.33,ball,5017,3,2
2024-04-18,Max Fried,SI,84.4,2116,0.11,3.45,called_strike,5014,2,0
2024-04-15,Max Fried,SI,76.5,2720,-0.5,3.54,called_strike,5018,9,1
2024-04-21,Zac Gallen,SL,84.0,2771,0.77,3.29,hit_into_play,5008,5,0
2024-04-16,Spencer Strider,FF,77.7,2233,-0.39,1.45,swinging_strike,5003,5,1
2024-04-21,Shohei Ohtani,FC,87.1,2722,-0.5,2.97,called_strike,5009,4,1
2024-04-21,Gerrit Cole,SL,76.7,2279,-0.42,2.43,ball,5008,3,2
2024-04-21,Zac Gallen,SL,80.0,2420,0.55,3.89,foul,5009,2,0
2024-04-21,Gerrit Cole,CH,75.5,2420,0.76,2.24,hit_into_play,5023,1,1
2024-04-17,Zac Gallen,FF,91.2,2519,-1.29,4.44,ball,5007,2,0
2024-04-15,Shohei Ohtani,SL,96.3,2658,-0.82,3.15,called_strike,5016,4,2
2024-04-15,Spencer Strider,FC,85.0,2320,-0.55,1.35,foul,5010,3,0
2024-04-18,Shohei Ohtani,CH,84.8,2531,-1.32,3.18,foul,5005,8,2
2024-04-15,Max Fried,SL,99.6,1938,-0.77,4.04,foul,5017,4,0
2024-04-20,Zac Gallen,CH,82.8,2754,-0.34,1.33,ball,5013,3,2
2024-04-21,Zac Gallen,FF,91.5,2437,0.48,4.09,ball,5003,4,0
2024-04-17,Shohei Ohtani,CH,85.8,2125,-0.99,1.71,foul,5014,1,1
2024-04-21,Zac Gallen,SI,90.1,2407,1.26,1.71,hit_into_play,5002,4,2
2024-04-20,Max Fried,CH,89.1,2215,-1.13,3.24,swinging_strike,5006,9,0
2024-04-20,Gerrit Cole,FC,84.2,2377,-0.16,2.7,hit_into_play,5005,1,2
2024-04-18,Shohei Ohtani,FC,98.8,2097,1.36,3.62,called_strike,5019,7,2
2024-04-16,Max Fried,CU,86.5,2174,-1.22,3.14,swinging_strike,5019,6,0
2024-04-16,Max Fried,FC,76.6,2729,1.37,1.22,called_strike,5003,6,1
2024-04-21,Shohei Ohtani,SI,83.0,2717,-0.72,3.56,swinging_strike,5001,7,2
2024-04-18,Spencer Strider,SL,95.6,2698,-0.29,1.46,ball,5014,4,0
2024-04-20,Max Fried,SI,85.2,1974,1.33,2.63,swinging_strike,5006,2,2
2024-04-19,Gerrit Cole,SL,78.4,2158,-0.81,1.3,called_strike,5016,9,0
2024-04-15,Gerrit Cole,SL,91.2,2716,-0.33,3.66,ball,5017,8,0
2024-04-19,Max Fried,FC,87.0,1896,1.29,2.18,ball,5021,6,0
2024-04-20,Zac Gallen,CU,96.9,2634,-1.08,3.83,called_strike,5007,6,1
2024-04-18,Gerrit Cole,SL,84.5,2096,-0.08,2.79,swinging_strike,5002,2,0
2024-04-16,Spencer Strider,SL,89.9,2560,-0.96,1.81,hit_into_play,5018,2,2
2024-04-15,Zac Gallen,CU,100.2,2360,-0.29,3.25,hit_into_play,5016,2,1
2024-04-18,Spencer Strider,FC,79.9,2111,-1.5,1.79,ball,5000,5,0
2024-04-15,Spencer Strider,FC,80.8,2466,1.36,1.74,ball,5023,9,2
2024-04-18,Zac Gallen,SL,94.2,2547,-1.27,3.06,foul,5007,7,0
2024-04-16,Gerrit Cole,CU,97.0,2638,-0.32,1.51,hit_into_play,5014,7,0
2024-04-19,Spencer Strider,CU,82.0,2504,1.05,4.02,called_strike,5014,2,1
2024-04-21,Gerrit Cole,CU,76.6,1940,1.35,1.64,hit_into_play,5024,8,2
2024-04-19,Zac Gallen,FC,96.7,2065,0.57,2.1,swinging_strike,5017,2,1
2024-04-15,Max Fried,FF,77.5,2647,-0.98,1.74,foul,5013,2,1
2024-04-19,Zac Gallen,FC,77.2,2605,0.09,3.41,hit_into_play,5013,6,2
2024-04-18,Gerrit Cole,FF,99.7,2442,-0.7,4.47,called_strike,5009,3,1
2024-04-21,Zac Gallen,SL,75.3,2141,-0.78,3.28,swinging_strike,5019,1,2
2024-04-17,Max Fried,CU,98.6,2404,1.02,4.49,swinging_strike,5021,3,0
2024-04-15,Gerrit Cole,FF,94.3,2593,-0.68,2.67,foul,5024,1,2
2024-04-16,Spencer Strider,CU,99.9,2338,-0.11,3.33,foul,5023,1,2
2024-04-17,Shohei Ohtani,SI,100.3,2697,-0.6,3.06,foul,5003,4,0
2024-04-21,Zac Gallen,SL,81.3,2537,1.26,2.64,ball,5017,5,0
2024-04-18,Shohei Ohtani,FF,96.6,2065,-1.06,1.36,foul,5010,6,2
2024-04-21,Spencer Strider,FF,84.8,2188,0.61,2.4,ball,5015,9,1
2024-04-17,Zac Gallen,SI,76.5,2048,0.23,1.83,hit_into_play,5001,3,0
2024-04-17,Spencer Strider,FF,78.6,2782,1.33,3.6,swinging_strike,5017,8,2
2024-04-20,Max Fried,CH,76.0,2047,-1.23,1.45,swinging_strike,5005,3,1
2024-04-20,Gerrit Cole,SI,93.7,2580,-0.13,2.46,swinging_strike,5002,4,0
2024-04-19,Gerrit Cole,FC,88.1,1831,0.02,3.47,hit_into_play,5012,2,0
2024-04-17,Gerrit Cole,SL,89.6,2283,-1.32,3.03,called_strike,5017,1,2
2024-04-17,Zac Gallen,FF,93.0,2561,-1.48,1.64,foul,5009,9,1
2024-04-21,Zac Gallen,SL,76.6,2528,-1.38,4.06,hit_into_play,5015,9,0
2024-04-15,Zac Gallen,FF,84.9,2363,1.06,1.19,called_strike,5014,3,2
2024-04-18,Zac Gallen,CH,86.1,2319,-0.14,1.02,called_strike,5013,7,1
2024-04-19,Spencer Strider,FF,84.5,2619,-1.38,1.57,ball,5014,8,2
2024-04-20,Zac Gallen,SI,76.1,1845,0.35,4.19,foul,5014,9,1
2024-04-15,Zac Gallen,FC,82.8,2457,0.98,4.11,foul,5001,8,2
2024-04-19,Spencer Strider,CU,81.3,2735,-0.4,3.8,foul,5016,2,1
2024-04-18,Max Fried,SI,91.2,2054,0.36,4.49,hit_into_play,5004,4,1
2024-04-20,Spencer Strider,SI,91.3,2183,0.68,1.79,called_strike,5013,6,0
2024-04-16,Gerrit Cole,CH,82.0,1888,0.44,4.32,swinging_strike,5024,3,1
2024-04-19,Max Fried,FC,99.8,2461,-0.24,3.65,foul,5019,6,1
2024-04-19,Spencer Strider,SL,90.7,2271,-0.75,2.49,swinging_strike,5011,9,0
2024-04-18,Spencer Strider,SI,100.4,2063,1.2,2.09,called_strike,5018,7,2
2024-04-16,Shohei Ohtani,CU,100.3,1845,0.1,2.77,ball,5021,2,2
2024-04-18,Shohei Ohtani,SI,79.9,2648,0.54,2.63,swinging_strike,5008,5,2
2024-04-19,Spencer Strider,SI,89.9,1924,-0.46,2.39,swinging_strike,5009,5,0
2024-04-16,Max Fried,SI,81.2,2159,0.24,1.76,swinging_strike,5021,1,1
2024-04-21,Max Fried,SI,91.2,1930,-0.05,2.47,swinging_strike,5017,7,0
2024-04-20,Gerrit Cole,CU,81.7,2415,1.25,2.56,swinging_strike,5020,2,0
2024-04-21,Shohei Ohtani,SI,90.4,2125,-0.09,3.14,foul,5003,4,2
2024-04-19,Shohei Ohtani,CH,88.0,2743,1.03,1.34,swinging_strike,5015,5,0
2024-04-21,Zac Gallen,CH,91.0,2048,-0.69,2.88,called_strike,5005,3,2
2024-04-20,Max Fried,CH,76.2,1954,-0.58,3.91,hit_into_play,5018,6,0
2024-04-18,Max Fried,CU,88.2,1994,0.22,4.49,swinging_strike,5024,6,1
2024-04-15,Zac Gallen,SL,77.1,1850,0.89,2.32,foul,5003,2,0
2024-04-18,Spencer Strider,FC,82.5,1962,1.25,2.2,swinging_strike,5021,7,1
2024-04-21,Shohei Ohtani,FF,87.0,2451,-0.5,3.91,swinging_strike,5001,9,0
2024-04-16,Shohei Ohtani,CU,75.5,2085,-1.05,1.74,hit_into_play,5022,1,2
2024-04-18,Gerrit Cole,SL,75.3,2345,0.28,2.73,called_strike,5005,3,2
2024-04-20,Zac Gallen,SL,86.4,2427,1.12,3.54,ball,5009,3,2
2024-04-19,Shohei Ohtani,CH,79.2,2683,-0.45,4.15,ball,5009,6,0
2024-04-19,Spencer Strider,FC,75.6,2274,-1.04,4.19,called_strike,5018,1,1
2024-04-15,Zac Gallen,SI,84.9,2349,1.23,3.6,foul,5005,3,1
2024-04-19,Gerrit Cole,CH,79.4,2271,-1.03,1.1,ball,5018,4,0
2024-04-18,Shohei Ohtani,CH,98.5,2453,1.0,1.28,swinging_strike,5024,3,2
2024-04-16,Shohei Ohtani,SI,82.5,2424,1.05,4.21,called_strike,5007,1,0
2024-04-20,Shohei Ohtani,SI,75.1,2754,1.08,1.71,called_strike,5011,4,2
2024-04-19,Shohei Ohtani,SL,88.7,1869,-0.81,2.64,hit_into_play,5024,9,1
2024-04-21,Gerrit Cole,FC,89.3,2794,1.49,1.78,called_strike,5021,1,0
2024-04-16,Gerrit Cole,CH,93.8,2664,0.82,4.15,hit_into_play,5015,9,2
2024-04-20,Spencer Strider,FF,89.6,2018,-0.86,1.51,called_strike,5001,6,2
2024-04-19,Zac Gallen,CH,98.5,2689,1.18,4.45,swinging_strike,5021,1,1
2024-04-16,Gerrit Cole,FF,93.3,1994,-0.62,1.81,hit_into_play,5008,6,1
2024-04-18,Gerrit Cole,CU,94.0,2648,1.44,1.79,swinging_strike,5019,2,1
2024-04-21,Spencer Strider,CH,94.3,2599,-1.15,2.34,swinging_strike,5024,4,1
2024-04-17,Spencer Strider,FC,98.5,2509,0.73,4.08,called_strike,5022,3,2
2024-04-21,Spencer Strider,SI,80.4,2421,-0.2,2.47,hit_into_play,5002,9,2
2024-04-21,Gerrit Cole,SL,76.3,1879,0.24,3.8,foul,5014,5,0
2024-04-21,Max Fried,FC,90.2,2349,-0.83,2.16,hit_into_play,5017,5,0
2024-04-17,Spencer Strider,FF,84.9,2122,-0.32,3.81,hit_into_play,5007,1,2
2024-04-20,Zac Gallen,FC,76.3,2482,1.47,2.6,called_strike,5017,3,2
2024-04-21,Shohei Ohtani,SL,88.4,2532,-0.87,4.03,ball,5002,4,0
2024-04-15,Gerrit Cole,CU,100.7,2559,0.09,1.18,called_strike,5022,1,1
2024-04-18,Gerrit Cole,CH,100.5,2775,-0.7,1.79,swinging_strike,5022,7,1
2024-04-21,Shohei Ohtani,SL,95.7,2194,0.57,2.07,called_strike,5015,1,0
2024-04-15,Max Fried,CU,79.9,2583,1.24,2.54,swinging_strike,5000,8,2
2024-04-19,Shohei Ohtani,SL,89.0,2331,-0.53,3.28,foul,5018,2,2
2024-04-21,Zac Gallen,CH,83.8,2460,0.58,2.47,called_strike,5019,1,1
2024-04-19,Spencer Strider,FF,87.4,1938,0.92,2.16,ball,5022,9,0
2024-04-17,Zac Gallen,FC,75.2,2776,0.65,3.61,ball,5000,2,1
2024-04-16,Max Fried,FF,92.8,2562,-0.92,1.59,ball,5018,1,1
2024-04-19,Spencer Strider,FF,77.6,1865,1.12,4.42,swinging_strike,5018,6,0
2024-04-21,Gerrit Cole,FF,89.7,1998,1.25,3.87,hit_into_play,5002,8,2
2024-04-17,Zac Gallen,FC,89.1,1861,-0.18,2.09,hit_into_play,5024,6,2
2024-04-18,Shohei Ohtani,SI,88.2,2378,0.49,3.04,swinging_strike,5010,9,0
2024-04-15,Zac Gallen,CH,97.2,2512,-1.39,4.23,hit_into_play,5001,4,0
2024-04-21,Gerrit Cole,FC,100.0,2100,-0.62,2.54,hit_into_play,5011,2,1
2024-04-20,Shohei Ohtani,SI,98.8,2536,-0.51,2.16,foul,5014,6,1
2024-04-21,Gerrit Cole,FC,96.5,2129,0.89,4.21,called_strike,5002,1,0
2024-04-19,Zac Gallen,FF,91.4,1844,1.23,3.38,called_strike,5005,2,2
2024-04-18,Max Fried,CU,83.9,2789,-1.39,1.57,ball,5006,6,1
2024-04-18,Shohei Ohtani,CU,88.0,2314,-1.19,4.15,foul,5011,5,0
2024-04-20,Spencer Strider,FF,99.3,2328,-0.58,4.4,hit_into_play,5007,3,2
2024-04-16,Spencer Strider,CU,93.2,2740,-1.12,3.89,ball,5014,6,2
2024-04-21,Gerrit Cole,SI,85.2,2349,0.8,2.77,swinging_strike,5006,7,2
2024-04-15,Shohei Ohtani,SI,80.0,2500,-0.83,2.91,hit_into_play,5003,6,0
2024-04-15,Spencer Strider,CH,79.1,2720,-1.37,4.5,ball,5006,6,0
2024-04-21,Shohei Ohtani,CH,95.9,2650,-0.93,2.25,swinging_strike,5008,8,0
2024-04-17,Spencer Strider,SL,84.1,2687,0.04,2.69,foul,5024,8,2
2024-04-21,Zac Gallen,CH,87.8,2211,-0.77,2.02,called_strike,5010,2,1
2024-04-19,Zac Gallen,FF,100.5,2470,-1.48,1.21,ball,5011,9,1
2024-04-19,Spencer Strider,CH,99.9,2122,0.04,2.55,called_strike,5016,3,2
2024-04-15,Max Fried,SL,89.3,2066,-0.56,1.92,ball,5018,1,1
2024-04-18,Shohei Ohtani,SL,84.3,1960,0.81,1.4,swinging_strike,5008,8,0
2024-04-18,Gerrit Cole,SL,91.9,2708,0.88,3.16,swinging_strike,5007,5,0
2024-04-20,Max Fried,CH,89.8,2757,-0.07,1.87,foul,5016,6,1
2024-04-18,Shohei Ohtani,FC,95.2,2160,-0.41,1.72,hit_into_play,5004,5,2
2024-04-15,Zac Gallen,SI,82.3,1844,-0.46,2.35,hit_into_play,5012,4,0
2024-04-18,Shohei Ohtani,SL,82.6,1910,-0.86,4.14,ball,5000,1,2
2024-04-16,Shohei Ohtani,SI,78.6,2454,-0.76,1.72,called_strike,5016,4,1
2024-04-20,Gerrit Cole,FF,79.9,2157,-0.01,3.71,foul,5021,6,2
2024-04-15,Shohei Ohtani,CU,99.3,2284,-0.32,4.21,ball,5016,9,1
2024-04-19,Zac Gallen,CH,83.8,2800,0.24,1.33,swinging_strike,5006,9,2
2024-04-16,Gerrit Cole,FC,91.3,2201,-0.84,2.13,hit_into_play,5006,5,1
2024-04-15,Shohei Ohtani,CU,83.6,2794,1.5,1.26,swinging_strike,5001,5,0
2024-04-18,Zac Gallen,SI,97.7,2084,-1.18,1.47,hit_into_play,5022,9,2
2024-04-15,Spencer Strider,FC,80.2,1888,-1.05,1.75,foul,5013,2,2
2024-04-21,Spencer Strider,CU,91.1,1843,1.46,3.28,hit_into_play,5017,8,2
2024-04-20,Spencer Strider,FC,80.4,2079,1.18,2.64,ball,5011,2,2
2024-04-15,Zac Gallen,SI,86.2,2336,0.15,4.41,swinging_strike,5009,7,2
2024-04-19,Spencer Strider,FC,81.8,2344,0.34,4.36,hit_into_play,5012,9,1
2024-04-17,Max Fried,CH,86.2,2449,0.26,1.28,called_strike,5013,9,0
2024-04-17,Max Fried,SI,84.2,2333,-0.05,2.67,swinging_strike,5012,7,1
2024-04-19,Shohei Ohtani,CU,99.2,2588,0.64,1.07,hit_into_play,5024,3,2
2024-04-19,Zac Gallen,FC,97.3,2024,-0.59,1.83,foul,5008,1,0
2024-04-17,Shohei Ohtani,SL,98.2,2140,0.9,3.05,called_strike,5020,5,2
2024-04-21,Zac Gallen,CU,78.8,2159,0.38,3.61,hit_into_play,5012,7,0
2024-04-15,Zac Gallen,CU,83.7,2328,-0.46,2.83,hit_into_play,5003,2,0
2024-04-19,Gerrit Cole,SI,80.5,2720,-0.25,1.92,called_strike,5019,1,0
2024-04-18,Gerrit Cole,CU,78.4,2302,-0.13,2.22,foul,5008,2,2
2024-04-19,Gerrit Cole,CH,86.5,2421,1.31,3.14,called_strike,5010,7,0
2024-04-15,Spencer Strider,CU,92.5,2200,-1.5,2.18,called_strike,5007,3,1
2024-04-18,Spencer Strider,CH,87.3,2302,-1.45,3.0,ball,5016,2,1
2024-04-17,Zac Gallen,CU,89.6,2039,1.13,1.36,foul,5003,6,0
2024-04-21,Gerrit Cole,FC,81.5,2735,0.7,3.91,hit_into_play,5000,1,0
2024-04-15,Gerrit Cole,CH,77.0,2523,0.39,1.66,ball,5005,7,0
2024-04-19,Zac Gallen,FF,91.2,2537,-0.42,2.03,hit_into_play,5009,4,0
2024-04-15,Shohei Ohtani,FF,84.5,2158,-1.44,3.48,hit_into_play,5000,7,0
2024-04-20,Max Fried,SI,94.1,2668,1.49,2.04,swinging_strike,5024,5,1
2024-04-21,Shohei Ohtani,CH,76.3,2528,-1.41,2.8,ball,5015,3,1
2024-04-18,Spencer Strider,FF,87.2,2480,-0.54,3.0,swinging_strike,5006,3,2
2024-04-17,Spencer Strider,SI,98.8,2580,-1.33,2.19,swinging_strike,5005,2,1
2024-04-19,Max Fried,SL,87.1,2493,1.01,3.09,swinging_strike,5000,1,0
2024-04-17,Gerrit Cole,FC,99.5,1887,-0.21,1.76,called_strike,5017,9,0
2024-04-20,Gerrit Cole,SL,89.8,1995,1.14,2.14,called_strike,5001,8,1
2024-04-18,Shohei Ohtani,SL,83.1,2249,1.39,2.81,ball,5005,1,2
2024-04-18,Shohei Ohtani,SL,76.8,2244,0.45,1.69,ball,5019,4,2
2024-04-19,Shohei Ohtani,FC,79.8,2392,1.42,3.4,hit_into_play,5013,7,2
2024-04-15,Spencer Strider,SI,95.4,2059,-0.9,3.86,ball,5014,2,1
2024-04-16,Max Fried,SI,83.5,1844,0.45,4.01,hit_into_play,5014,1,1
2024-04-19,Max Fried,FF,91.2,1855,-0.26,2.67,swinging_strike,5007,6,0
2024-04-18,Max Fried,CU,96.5,2052,0.04,3.74,ball,5018,9,1
2024-04-19,Zac Gallen,FF,86.5,2431,1.23,4.14,called_strike,5002,8,1
2024-04-19,Shohei Ohtani,SI,87.9,1903,-0.72,2.64,called_strike,5012,3,1
2024-04-20,Zac Gallen,FC,81.3,2760,0.69,1.96,called_strike,5013,8,0
2024-04-19,Zac Gallen,CU,78.7,2053,0.21,1.41,foul,5003,4,1
2024-04-20,Spencer Strider,SL,88.8,2626,0.33,2.7,hit_into_play,5014,2,0
2024-04-17,Gerrit Cole,FF,96.1,2197,0.42,1.82,swinging_strike,5020,7,0
2024-04-21,Gerrit Cole,CH,86.6,2708,0.51,2.71,hit_into_play,5018,9,1
2024-04-20,Shohei Ohtani,SI,78.5,2344,-1.3,2.41,foul,5010,3,1
2024-04-18,Zac Gallen,SL,84.1,2474,-0.97,3.47,ball,5015,5,0
2024-04-17,Max Fried,SI,92.7,2448,1.18,2.79,ball,5023,1,0
2024-04-18,Shohei Ohtani,SI,99.0,2740,0.1,3.76,hit_into_play,5005,9,2
2024-04-16,Max Fried,CU,81.1,2661,-0.73,1.7,hit_into_play,5007,1,1
2024-04-18,Max Fried,FF,94.2,1875,0.94,2.04,foul,5024,3,0
2024-04-18,Shohei Ohtani,CU,97.7,2062,0.91,2.17,hit_into_play,5006,6,1
2024-04-15,Shohei Ohtani,FF,89.6,1823,1.42,1.81,swinging_strike,5003,3,2
2024-04-17,Gerrit Cole,FC,82.2,2271,1.04,2.73,ball,5021,1,2
2024-04-18,Gerrit Cole,FF,83.0,1945,-0.25,1.09,hit_into_play,5007,1,0
2024-04-17,Spencer Strider,CH,85.3,2100,0.9,3.39,foul,5017,1,1
2024-04-17,Max Fried,SL,85.3,2170,-0.38,2.11,ball,5005,5,0
2024-04-16,Shohei Ohtani,SI,100.6,2405,1.28,2.87,ball,5015,3,2
2024-04-20,Gerrit Cole,CH,79.8,2129,-0.75,2.39,swinging_strike,5022,7,0
2024-04-18,Zac Gallen,CU,101.0,2196,-0.12,3.87,ball,5003,9,0
2024-04-16,Zac Gallen,FF,87.5,1849,-1.16,3.22,hit_into_play,5015,9,1
2024-04-18,Gerrit Cole,FF,86.9,2137,-1.36,4.19,foul,5001,9,1
2024-04-19,Gerrit Cole,FC,87.9,2419,-0.9,3.32,called_strike,5004,3,0
2024-04-21,Gerrit Cole,SL,83.0,2434,-0.76,1.27,foul,5006,5,0
2024-04-20,Shohei Ohtani,SL,81.9,1994,-0.89,2.01,hit_into_play,5006,1,0
2024-04-21,Gerrit Cole,CH,100.6,2479,-0.56,4.29,ball,5005,6,1
2024-04-19,Max Fried,SI,97.1,1886,1.36,2.79,foul,5019,3,0
2024-04-19,Gerrit Cole,FF,90.8,1911,1.48,2.1,foul,5006,4,0
2024-04-20,Max Fried,CU,92.3,2616,0.47,3.55,called_strike,5019,2,2
2024-04-16,Gerrit Cole,CU,93.9,1855,-1.38,3.87,called_strike,5001,2,1
2024-04-19,Spencer Strider,FC,94.1,2525,0.54,3.5,foul,5022,7,1
2024-04-18,Gerrit Cole,FF,85.5,2366,1.4,1.76,swinging_strike,5001,4,0
2024-04-21,Shohei Ohtani,SL,94.7,2272,1.23,1.84,foul,5014,3,1
2024-04-19,Gerrit Cole,FF,90.4,2300,-0.81,2.98,ball,5012,8,0
2024-04-18,Zac Gallen,CH,100.0,2221,0.88,2.75,foul,5016,4,1
2024-04-19,Spencer Strider,FC,77.4,2227,0.88,3.5,hit_into_play,5015,9,0
2024-04-16,Zac Gallen,FC,91.1,2259,0.23,4.24,called_strike,5023,5,2
2024-04-20,Max Fried,CU,75.7,2284,-0.77,4.01,ball,5014,3,0
2024-04-15,Max Fried,CH,90.6,2621,-1.47,1.66,foul,5013,3,2
2024-04-18,Max Fried,FF,94.7,2636,-1.49,4.45,called_strike,5017,6,1
2024-04-17,Gerrit Cole,SI,91.7,1824,0.3,2.7,ball,5004,2,0
2024-04-21,Spencer Strider,CH,99.9,2633,0.73,2.43,ball,5022,5,1
2024-04-18,Max Fried,SL,79.3,2236,0.85,1.04,swinging_strike,5005,3,0
2024-04-18,Gerrit Cole,CH,94.6,2132,0.87,3.17,foul,5001,8,1
2024-04-17,Shohei Ohtani,FF,100.2,2133,-1.46,1.33,called_strike,5021,8,2
2024-04-21,Gerrit Cole,SL,82.7,2354,-1.28,2.22,hit_into_play,5006,7,0
2024-04-21,Zac Gallen,SL,90.6,2083,-0.55,3.75,foul,5010,1,0
2024-04-17,Shohei Ohtani,SL,83.0,2112,-0.07,4.24,hit_into_play,5016,7,2
2024-04-16,Shohei Ohtani,CH,77.6,2743,-1.39,2.92,called_strike,5016,2,1
2024-04-16,Shohei Ohtani,FC,84.5,1945,-0.73,2.59,swinging_strike,5022,8,1
2024-04-16,Max Fried,FF,91.5,1949,0.98,4.04,called_strike,5015,6,0
2024-04-17,Spencer Strider,CU,98.0,2062,-1.21,3.96,foul,5003,2,1
2024-04-21,Gerrit Cole,SL,86.3,2205,-0.71,3.55,hit_into_play,5007,5,1
2024-04-21,Gerrit Cole,FF,97.3,1949,0.5,1.6,foul,5015,3,1
2024-04-21,Spencer Strider,SI,79.7,2795,-1.03,3.57,hit_into_play,5017,2,0
2024-04-18,Spencer Strider,CU,76.6,2233,0.09,2.44,foul,5000,7,2
2024-04-15,Zac Gallen,FC,89.7,2069,0.96,1.22,called_strike,5007,3,0
2024-04-19,Gerrit Cole,CU,96.0,2439,-1.08,4.24,foul,5009,6,0
2024-04-15,Max Fried,FF,87.0,1997,-0.87,2.55,foul,5012,3,0
2024-04-15,Shohei Ohtani,SI,81.7,2149,-0.42,1.18,foul,5005,4,2
2024-04-17,Max Fried,SI,77.0,2470,-0.78,4.33,foul,5001,6,1
2024-04-15,Shohei Ohtani,CU,80.9,1820,0.83,1.08,foul,5022,3,0
2024-04-15,Zac Gallen,SL,76.3,2634,-0.88,2.81,foul,5000,1,2
2024-04-18,Zac Gallen,CU,86.1,2313,-0.06,4.38,hit_into_play,5010,5,0
2024-04-16,Spencer Strider,FF,77.5,2286,-0.85,4.47,foul,5000,9,2
2024-04-20,Zac Gallen,CH,85.9,2482,-0.85,1.23,foul,5023,1,0
2024-04-15,Max Fried,FF,80.0,2247,-1.47,2.15,hit_into_play,5011,4,2
2024-04-16,Zac Gallen,CU,86.3,2602,0.96,3.04,called_strike,5020,1,0
2024-04-20,Spencer Strider,CU,99.0,2148,0.83,2.38,ball,5021,7,1
2024-04-15,Gerrit Cole,CU,80.8,2563,-0.8,1.72,foul,5009,2,2
2024-04-20,Spencer Strider,FC,92.6,2722,0.09,1.65,ball,5003,2,1
2024-04-18,Max Fried,SI,94.8,2794,-1.27,2.04,swinging_strike,5008,4,0
2024-04-19,Zac Gallen,SI,94.9,2516,-0.67,3.01,ball,5008,7,0
2024-04-20,Zac Gallen,FF,80.0,2385,-1.08,2.04,swinging_strike,5022,7,0
2024-04-17,Zac Gallen,SL,91.6,2739,1.01,1.48,ball,5013,2,0
2024-04-19,Max Fried,FF,78.5,2645,0.64,4.04,foul,5005,6,0
2024-04-19,Zac Gallen,FF,85.2,2197,1.21,2.83,called_strike,5018,8,1
2024-04-17,Max Fried,FF,93.1,2479,0.2,3.53,called_strike,5019,7,2
2024-04-16,Spencer Strider,SI,82.2,2442,0.17,2.51,ball,5005,4,0
2024-04-21,Gerrit Cole,FF,78.8,2298,-0.65,2.38,swinging_strike,5015,3,1
2024-04-15,Gerrit Cole,FC,80.3,1958,-0.34,3.5,called_strike,5008,3,0
2024-04-16,Max Fried,SL,78.7,1875,0.07,3.32,foul,5008,6,0
2024-04-20,Spencer Strider,SI,89.5,2405,0.17,2.33,hit_into_play,5004,7,1
2024-04-18,Spencer Strider,FF,97.4,2158,0.26,1.14,called_strike,5015,4,2
2024-04-18,Max Fried,CU,85.6,2799,-0.02,1.74,called_strike,5024,7,2
2024-04-20,Gerrit Cole,CH,99.1,2716,-0.4,3.95,swinging_strike,5006,9,1
2024-04-21,Shohei Ohtani,CU,96.9,2302,-0.11,3.73,foul,5010,2,2
2024-04-21,Shohei Ohtani,CU,97.9,2369,-1.48,3.7,swinging_strike,5006,3,2
2024-04-15,Zac Gallen,FC,82.8,2157,0.49,3.96,hit_into_play,5018,4,1
2024-04-16,Zac Gallen,SI,87.7,2776,-0.28,1.07,ball,5015,5,2
2024-04-21,Max Fried,FF,90.2,2453,0.91,3.63,called_strike,5012,8,0
2024-04-20,Shohei Ohtani,CU,81.1,2222,-0.42,1.6,hit_into_play,5010,1,1
2024-04-18,Spencer Strider,CH,78.9,2699,1.24,2.33,hit_into_play,5012,4,2
2024-04-18,Zac Gallen,FC,80.3,2237,0.84,2.83,called_strike,5018,6,1
2024-04-15,Spencer Strider,FC,96.2,2243,-1.45,4.07,called_strike,5019,8,2
2024-04-15,Max Fried,CH,90.8,1918,0.91,3.06,foul,5005,9,1
2024-04-20,Shohei Ohtani,FF,90.3,2459,1.1,3.5,hit_into_play,5001,4,1
2024-04-18,Spencer Strider,CH,87.8,2044,0.8,4.36,hit_into_play,5013,4,2
2024-04-19,Gerrit Cole,SI,88.7,2619,-0.48,2.86,hit_into_play,5012,9,1
2024-04-19,Max Fried,FC,99.7,2560,0.38,1.96,foul,5005,2,0
2024-04-16,Max Fried,FC,77.6,1823,0.01,1.83,called_strike,5003,9,2
2024-04-16,Gerrit Cole,FC,82.9,2066,0.34,1.32,hit_into_play,5006,6,1
2024-04-15,Spencer Strider,CU,91.4,2138,0.33,1.72,called_strike,5006,3,2
2024-04-19,Zac Gallen,CH,95.2,2232,1.2,2.49,ball,5023,2,1
2024-04-16,Shohei Ohtani,CU,78.0,2702,0.13,1.23,called_strike,5016,8,1
2024-04-20,Spencer Strider,SL,86.0,2096,-1.09,4.37,foul,5023,2,2
2024-04-21,Spencer Strider,CH,95.7,2647,1.04,3.22,foul,5022,5,2
2024-04-19,Zac Gallen,FF,86.8,2760,-1.09,3.52,called_strike,5001,5,0
2024-04-16,Gerrit Cole,FF,84.5,2646,-1.16,1.04,called_strike,5016,9,2
2024-04-17,Gerrit Cole,SL,90.2,1905,1.04,1.5,swinging_strike,5015,5,0
2024-04-21,Spencer Strider,FF,97.0,2135,-0.18,2.25,foul,5001,9,2
2024-04-15,Shohei Ohtani,FC,88.5,2753,-0.9,2.92,swinging_strike,5003,7,1
2024-04-21,Gerrit Cole,CU,88.6,2319,0.6,1.8,swinging_strike,5009,1,0
2024-04-21,Gerrit Cole,CU,77.3,2551,-0.68,3.69,called_strike,5009,4,1
2024-04-17,Shohei Ohtani,SL,83.4,2193,-0.16,1.47,swinging_strike,5016,7,0
2024-04-16,Spencer Strider,SL,75.8,2800,-0.11,3.11,foul,5023,3,1
2024-04-21,Gerrit Cole,CH,75.1,2639,-0.57,1.75,hit_into_play,5013,3,0
2024-04-19,Spencer Strider,SI,81.6,2421,1.44,3.4,foul,5011,1,1
2024-04-16,Spencer Strider,CH,76.4,2300,1.03,1.98,called_strike,5011,3,0
2024-04-20,Max Fried,FC,96.9,2073,-0.89,2.12,foul,5004,2,0
2024-04-18,Gerrit Cole,CH,92.6,2335,-0.55,1.06,hit_into_play,5008,1,1
2024-04-19,Gerrit Cole,FC,90.8,2440,-0.85,1.47,ball,5021,3,2
2024-04-16,Gerrit Cole,FF,84.0,1985,-1.06,3.15,swinging_strike,5010,6,0
2024-04-21,Zac Gallen,FF,81.7,1985,0.95,3.62,ball,5003,3,2
2024-04-15,Shohei Ohtani,CU,78.8,2062,0.14,2.31,ball,5003,6,1
2024-04-20,Shohei Ohtani,CH,81.7,2451,-0.24,3.02,swinging_strike,5001,2,1
2024-04-21,Zac Gallen,FF,95.9,2080,0.06,1.66,foul,5006,6,2
2024-04-16,Spencer Strider,SL,99.6,1997,-0.64,1.01,hit_into_play,5004,7,1
2024-04-21,Max Fried,SL,90.1,1869,1.15,3.25,ball,5023,8,0
2024-04-17,Max Fried,FC,97.8,2722,1.23,4.18,hit_into_play,5017,1,1
2024-04-17,Shohei Ohtani,FC,93.6,2726,0.12,3.23,called_strike,5000,4,2
2024-04-15,Gerrit Cole,SL,87.2,2514,0.42,1.8,hit_into_play,5005,3,0
2024-04-20,Zac Gallen,FF,79.7,2318,-1.24,3.35,hit_into_play,5008,3,1
2024-04-21,Shohei Ohtani,CU,88.9,2083,1.09,4.06,called_strike,5024,3,0
2024-04-20,Gerrit Cole,SL,93.3,2210,-1.1,4.36,hit_into_play,5016,7,2
2024-04-17,Gerrit Cole,FF,81.5,1840,-1.1,4.02,hit_into_play,5009,1,0
2024-04-16,Max Fried,CU,97.9,2247,-1.22,2.85,ball,5006,5,1
2024-04-15,Zac Gallen,CU,99.7,2768,-0.94,4.11,swinging_strike,5021,7,1
2024-04-16,Max Fried,SL,100.2,2303,-1.3,3.0,foul,5013,2,2
2024-04-15,Gerrit Cole,CU,96.2,2520,1.5,3.58,foul,5002,7,0
2024-04-17,Spencer Strider,FF,94.4,2725,-0.28,1.89,foul,5007,4,1
2024-04-21,Gerrit Cole,SI,81.2,1962,0.49,3.05,hit_into_play,5008,3,2
2024-04-16,Max Fried,SI,84.5,2739,-0.57,1.28,swinging_strike,5014,8,0
2024-04-17,Shohei Ohtani,FC,92.7,1914,-1.23,1.1,hit_into_play,5011,5,2
2024-04-17,Gerrit Cole,FF,98.1,2576,1.01,1.58,foul,5023,8,1
2024-04-17,Shohei Ohtani,CH,89.8,2365,-0.51,1.12,called_strike,5002,7,2
2024-04-16,Shohei Ohtani,CH,93.0,2040,0.92,2.5,foul,5018,9,0
2024-04-18,Max Fried,FC,77.9,2051,-0.08,1.23,called_strike,5013,7,2
2024-04-15,Zac Gallen,FF,96.7,2157,0.03,1.38,called_strike,5001,9,1
2024-04-15,Shohei Ohtani,CU,82.8,2236,-0.64,2.43,hit_into_play,5005,1,2
2024-04-15,Shohei Ohtani,CU,88.5,1980,-0.66,2.75,swinging_strike,5021,8,0
2024-04-19,Max Fried,FC,93.1,2243,1.17,2.21,ball,5006,5,2
2024-04-21,Shohei Ohtani,SL,78.7,1823,-1.06,2.67,foul,5015,2,2
2024-04-18,Spencer Strider,CU,86.4,2249,-0.68,4.35,called_strike,5010,6,2
2024-04-17,Spencer Strider,FC,97.8,2062,-1.39,2.17,hit_into_play,5006,3,1
2024-04-19,Spencer Strider,FF,99.8,1849,1.16,4.01,foul,5019,5,2
2024-04-19,Spencer Strider,FC,86.2,2700,-0.66,3.39,hit_into_play,5000,8,0
2024-04-21,Gerrit Cole,FF,83.9,2548,0.2,3.25,swinging_strike,5023,3,0
2024-04-18,Shohei Ohtani,FC,92.6,2241,1.41,3.57,hit_into_play,5011,6,0
2024-04-16,Max Fried,SI,97.7,2026,1.47,3.47,called_strike,5020,3,2
2024-04-16,Zac Gallen,SI,80.7,2224,1.26,1.34,hit_into_play,5006,4,2
2024-04-15,Spencer Strider,SI,96.3,2191,0.66,1.73,called_strike,5024,3,2
2024-04-20,Zac Gallen,FF,84.3,2436,0.1,3.56,swinging_strike,5021,2,0
2024-04-16,Zac Gallen,SL,80.8,2300,1.45,2.78,called_strike,5015,3,1
2024-04-19,Shohei Ohtani,SI,88.8,2111,-0.11,1.83,called_strike,5003,5,0
2024-04-21,Zac Gallen,FF,91.1,2449,1.03,3.58,called_strike,5009,8,1
2024-04-20,Zac Gallen,CH,95.5,2183,1.12,2.68,swinging_strike,5003,5,1
2024-04-20,Max Fried,SL,91.8,2686,-1.0,1.62,swinging_strike,5020,8,0
2024-04-15,Zac Gallen,SI,90.5,1975,-1.48,2.76,swinging_strike,5001,7,2
2024-04-16,Zac Gallen,SI,86.6,2513,-0.37,1.23,swinging_strike,5014,3,1
2024-04-20,Gerrit Cole,FF,77.4,2155,-1.41,3.99,hit_into_play,5001,5,0
2024-04-16,Spencer Strider,SL,77.9,2770,1.18,1.0,foul,5016,7,2
2024-04-15,Max Fried,FF,99.7,1917,-0.48,4.32,called_strike,5009,2,0
2024-04-20,Spencer Strider,SI,87.6,1997,0.89,3.65,swinging_strike,5008,7,2
2024-04-18,Zac Gallen,CH,95.7,2260,0.3,2.33,foul,5002,1,1
2024-04-16,Zac Gallen,FF,99.7,1887,-0.72,3.16,ball,5012,3,0
2024-04-18,Spencer Strider,CU,82.7,2528,-1.44,3.7,hit_into_play,5009,4,2
2024-04-18,Shohei Ohtani,CH,98.7,2739,-1.36,3.77,swinging_strike,5016,8,1
2024-04-16,Spencer Strider,CH,84.2,2156,-1.31,2.95,ball,5022,9,1
2024-04-16,Spencer Strider,FF,86.7,2697,0.01,3.23,foul,5015,7,1
2024-04-17,Shohei Ohtani,SL,79.9,2776,0.2,3.89,called_strike,5024,9,2
2024-04-15,Zac Gallen,FC,82.5,1962,-1.41,4.46,called_strike,5016,1,1
2024-04-17,Shohei Ohtani,CU,80.6,2560,0.27,3.98,ball,5020,6,2
2024-04-18,Gerrit Cole,CH,89.7,2035,0.99,4.1,called_strike,5022,4,2
2024-04-19,Zac Gallen,FF,75.6,2130,-0.06,2.3,called_strike,5021,3,0
2024-04-20,Zac Gallen,FC,80.1,1956,1.2,1.25,ball,5014,2,2
2024-04-20,Spencer Strider,SL,88.7,2024,1.12,2.25,swinging_strike,5006,7,0
2024-04-19,Gerrit Cole,FC,76.5,2322,-0.97,2.38,called_strike,5016,3,1
2024-04-20,Shohei Ohtani,CH,98.6,2315,-0.82,2.6,ball,5010,7,0
2024-04-19,Zac Gallen,FF,96.9,2268,0.08,3.35,hit_into_play,5012,9,2
2024-04-16,Shohei Ohtani,SL,92.0,1936,-1.14,3.34,ball,5003,9,2
2024-04-20,Spencer Strider,FF,93.4,2692,0.33,4.35,ball,5002,5,0
2024-04-16,Spencer Strider,CH,95.5,2236,-0.48,2.02,called_strike,5015,8,0
2024-04-20,Zac Gallen,CU,79.5,2740,0.56,2.35,ball,5022,3,2
2024-04-15,Shohei Ohtani,CH,76.9,2399,0.96,4.37,hit_into_play,5007,7,0
2024-04-18,Gerrit Cole,SL,84.9,2267,-0.44,1.87,foul,5012,1,2
2024-04-18,Gerrit Cole,FC,91.4,2080,-0.85,3.48,hit_into_play,5012,9,2
2024-04-19,Max Fried,CH,86.4,2454,-0.58,2.97,called_strike,5000,5,1
2024-04-16,Zac Gallen,SL,90.5,2498,-0.94,1.59,foul,5009,1,0
2024-04-17,Gerrit Cole,CH,77.4,2560,0.03,3.56,hit_into_play,5018,6,0
2024-04-21,Spencer Strider,CU,100.8,2514,0.39,3.34,foul,5003,7,1
2024-04-15,Spencer Strider,FC,91.5,2601,-1.34,3.11,foul,5016,2,1
2024-04-17,Spencer Strider,SI,90.3,2697,1.17,2.57,ball,5002,5,2
2024-04-16,Gerrit Cole,CH,98.6,2725,0.07,2.11,swinging_strike,5003,4,2
2024-04-19,Zac Gallen,CH,100.7,1917,0.55,2.45,hit_into_play,5017,2,1
2024-04-19,Zac Gallen,CH,89.3,2105,0.69,1.88,hit_into_play,5011,6,2
2024-04-21,Max Fried,SI,91.3,1898,-0.17,2.49,foul,5022,5,0
2024-04-18,Zac Gallen,SI,100.6,2436,0.05,4.04,called_strike,5018,5,1
2024-04-21,Max Fried,SI,94.9,1994,-0.24,2.71,called_strike,5013,6,0
2024-04-21,Gerrit Cole,SL,90.7,2755,-0.22,2.81,swinging_strike,5001,4,2
2024-04-20,Gerrit Cole,CU,90.0,1857,0.09,2.13,hit_into_play,5024,6,2
2024-04-16,Zac Gallen,SL,81.7,2037,-1.15,3.42,ball,5016,4,1
2024-04-18,Zac Gallen,FF,76.5,2233,-1.05,1.61,called_strike,5013,3,2
2024-04-18,Zac Gallen,SI,77.4,2198,-0.54,1.88,foul,5002,3,0
2024-04-20,Spencer Strider,CU,96.8,2148,1.21,3.75,ball,5015,6,2
2024-04-21,Shohei Ohtani,SI,80.5,2754,0.41,2.87,called_strike,5021,6,2
2024-04-17,Gerrit Cole,SI,83.0,1818,-0.78,1.29,foul,5015,4,2
2024-04-17,Max Fried,CH,95.6,2559,-1.05,3.68,hit_into_play,5021,3,1
2024-04-16,Shohei Ohtani,SL,84.5,2304,0.8,2.7,foul,5008,1,2
2024-04-20,Shohei Ohtani,CH,76.6,2062,1.27,1.55,foul,5013,8,1
2024-04-19,Shohei Ohtani,SI,97.3,2001,-0.98,2.57,foul,5018,9,1
2024-04-20,Spencer Strider,CH,97.9,2372,-0.38,3.25,swinging_strike,5000,7,0
2024-04-19,Spencer Strider,CH,81.4,1840,-1.07,2.52,swinging_strike,5022,3,0
2024-04-21,Zac Gallen,SL,96.0,2787,0.74,1.11,foul,5014,2,0
2024-04-15,Gerrit Cole,FF,89.1,2383,-0.8,1.23,foul,5020,4,2
2024-04-15,Shohei Ohtani,SI,77.7,2779,1.07,2.48,foul,5005,5,0
2024-04-19,Zac Gallen,FC,97.0,1819,-1.41,4.1,called_strike,5014,8,2
2024-04-19,Shohei Ohtani,SI,95.2,2006,0.93,2.9,swinging_strike,5019,5,1
2024-04-18,Shohei Ohtani,FF,80.7,2442,1.17,2.76,swinging_strike,5014,8,1
2024-04-15,Zac Gallen,SI,89.1,1945,0.32,2.3,swinging_strike,5023,5,2
2024-04-21,Zac Gallen,FF,77.9,2778,0.51,2.91,swinging_strike,5020,9,0
2024-04-20,Spencer Strider,FF,80.3,2195,-0.57,2.76,swinging_strike,5003,2,2
2024-04-19,Gerrit Cole,SI,77.8,2372,0.31,3.44,ball,5006,7,1
2024-04-19,Gerrit Cole,SI,76.8,2069,0.07,3.52,hit_into_play,5001,6,0
2024-04-20,Shohei Ohtani,CH,77.4,2328,1.3,3.29,called_strike,5001,5,0
2024-04-19,Max Fried,CU,91.8,2456,1.05,1.04,swinging_strike,5014,5,0
2024-04-19,Shohei Ohtani,FF,89.7,2053,-0.55,3.2,swinging_strike,5004,7,1
2024-04-17,Shohei Ohtani,SI,93.1,1827,-1.33,4.43,foul,5023,6,1
2024-04-17,Zac Gallen,FC,84.7,1997,-0.95,1.28,swinging_strike,5007,6,1
2024-04-21,Spencer Strider,FF,97.1,2768,1.16,2.41,called_strike,5022,4,0
2024-04-16,Gerrit Cole,FC,91.4,2687,-1.36,2.33,hit_into_play,5018,3,0
2024-04-20,Max Fried,SL,76.4,2154,0.78,2.06,called_strike,5001,7,1
2024-04-20,Zac Gallen,CH,75.9,2494,-0.61,3.1,ball,5014,1,0
2024-04-17,Zac Gallen,SL,78.4,2539,1.41,2.44,foul,5000,2,0
2024-04-16,Gerrit Cole,CU,80.5,1819,-0.81,3.03,called_strike,5016,9,1
2024-04-16,Zac Gallen,FF,77.6,2061,1.17,2.65,foul,5004,7,0
2024-04-21,Max Fried,CU,76.8,2330,-0.41,3.43,swinging_strike,5007,9,1
2024-04-17,Gerrit Cole,CH,94.0,1898,-0.55,1.02,swinging_strike,5009,9,0
2024-04-17,Gerrit Cole,FF,87.2,2541,0.98,2.21,called_strike,5001,3,1
2024-04-15,Zac Gallen,FC,87.6,2153,0.38,2.95,called_strike,5005,3,1
2024-04-16,Zac Gallen,SI,93.2,2469,-1.33,3.37,called_strike,5003,6,1
2024-04-20,Max Fried,SL,75.4,2601,0.74,3.83,hit_into_play,5018,7,1
2024-04-17,Shohei Ohtani,CU,88.9,2133,-0.92,3.02,ball,5009,7,2
2024-04-19,Zac Gallen,CH,77.0,2427,1.07,3.71,foul,5005,3,0
2024-04-20,Max Fried,SL,85.6,2700,0.01,2.32,called_strike,5023,7,0
2024-04-18,Gerrit Cole,SI,93.5,2562,1.04,1.95,hit_into_play,5019,9,2
2024-04-21,Gerrit Cole,CH,86.5,1822,1.06,2.32,foul,5001,9,1
2024-04-16,Zac Gallen,FC,78.5,2763,0.37,1.22,ball,5003,4,2
2024-04-17,Shohei Ohtani,SL,82.6,2753,-0.88,2.72,ball,5015,4,1
2024-04-20,Max Fried,CU,91.7,2026,1.02,3.54,hit_into_play,5004,1,0
2024-04-19,Shohei Ohtani,CH,97.7,2751,-0.47,1.16,hit_into_play,5018,6,0
2024-04-15,Gerrit Cole,FC,92.2,2200,1.21,1.18,hit_into_play,5013,5,0
2024-04-20,Gerrit Cole,FF,97.5,2430,-0.35,3.92,called_strike,5018,1,0
2024-04-18,Max Fried,SI,91.1,2388,0.49,1.15,swinging_strike,5010,8,2
2024-04-15,Spencer Strider,FC,91.0,2122,0.07,3.69,ball,5020,7,0
2024-04-17,Gerrit Cole,SI,85.7,2259,-1.12,2.1,hit_into_play,5002,2,2
2024-04-19,Max Fried,FC,95.2,2036,1.16,3.1,swinging_strike,5017,7,1
2024-04-21,Shohei Ohtani,FC,81.0,2792,-1.1,2.49,hit_into_play,5000,8,2
2024-04-17,Zac Gallen,FC,86.9,2149,0.83,1.56,hit_into_play,5009,9,0
2024-04-20,Shohei Ohtani,FF,99.1,2210,0.01,2.28,foul,5000,5,2
2024-04-15,Shohei Ohtani,FF,82.9,2461,0.3,4.03,foul,5003,5,2
2024-04-21,Zac Gallen,SI,83.5,2209,1.41,2.81,swinging_strike,5007,3,1
2024-04-20,Shohei Ohtani,CH,88.8,2724,-1.28,4.08,foul,5019,6,2
2024-04-19,Zac Gallen,SL,97.2,2730,-0.97,1.46,foul,5009,7,1
2024-04-19,Max Fried,SI,82.8,2636,0.58,1.25,swinging_strike,5015,9,2
2024-04-15,Shohei Ohtani,CH,85.8,2192,-0.37,1.8,called_strike,5013,4,1
2024-04-15,Shohei Ohtani,SI,94.9,2442,0.96,3.0,swinging_strike,5001,9,0
2024-04-19,Zac Gallen,FC,96.6,2730,-0.63,2.96,hit_into_play,5000,6,1
2024-04-16,Zac Gallen,CH,92.6,2338,0.31,3.78,foul,5021,2,1
2024-04-20,Gerrit Cole,SL,92.0,2009,-0.44,2.08,ball,5014,4,0
2024-04-20,Shohei Ohtani,CH,93.0,1875,1.34,3.19,ball,5009,4,2
2024-04-18,Spencer Strider,CH,91.6,2593,-0.22,3.28,foul,5010,6,1
2024-04-18,Max Fried,FF,80.8,1855,0.86,1.97,called_strike,5000,9,0
2024-04-17,Spencer Strider,SL,94.7,1896,-1.45,2.17,swinging_strike,5014,5,0
2024-04-21,Shohei Ohtani,CH,84.2,2091,0.75,4.22,foul,5015,8,1
2024-04-15,Gerrit Cole,CU,81.9,2722,0.4,1.62,swinging_strike,5000,5,2
2024-04-21,Gerrit Cole,CU,83.3,2160,0.24,2.96,ball,5010,6,0
2024-04-15,Spencer Strider,CH,96.6,2509,1.3,3.74,called_strike,5004,9,1
2024-04-20,Max Fried,CH,85.7,1950,0.73,1.31,swinging_strike,5018,8,0
2024-04-16,Max Fried,SL,96.1,2539,0.16,2.6,called_strike,5010,8,0
2024-04-16,Shohei Ohtani,SI,78.6,1985,-0.46,3.94,called_strike,5017,6,0
2024-04-19,Shohei Ohtani,SL,98.0,2632,-0.03,4.26,ball,5013,9,0
2024-04-20,Gerrit Cole,SL,77.8,2259,0.15,2.34,swinging_strike,5014,9,2
2024-04-17,Max Fried,CH,93.2,2717,-1.38,4.37,called_strike,5019,9,2
2024-04-17,Gerrit Cole,FC,98.1,2546,1.3,3.56,swinging_strike,5014,4,1
2024-04-18,Shohei Ohtani,CU,78.4,1845,1.29,3.82,foul,5001,1,2
2024-04-16,Gerrit Cole,FF,83.2,2649,0.91,3.85,swinging_strike,5014,9,2
2024-04-20,Shohei Ohtani,CU,79.4,2048,-0.65,3.35,called_strike,5005,3,0
2024-04-15,Zac Gallen,FF,91.9,2069,-0.76,1.98,called_strike,5008,3,0
2024-04-16,Max Fried,SL,91.6,2095,-0.29,1.83,foul,5013,9,2
2024-04-18,Zac Gallen,SL,90.1,2174,0.79,4.41,ball,5024,2,1
2024-04-20,Max Fried,CH,98.7,2775,-0.18,2.49,swinging_strike,5020,6,0
2024-04-21,Spencer Strider,FC,90.5,2154,0.31,1.37,called_strike,5016,7,0
2024-04-20,Gerrit Cole,SI,82.4,2008,1.32,1.22,called_strike,5017,1,0
2024-04-17,Max Fried,FC,80.0,2234,-0.27,3.85,swinging_strike,5001,4,1
2024-04-16,Shohei Ohtani,FF,96.5,1962,-1.21,4.24,ball,5013,8,2
2024-04-21,Shohei Ohtani,FF,94.9,2440,1.03,2.98,called_strike,5004,2,0
2024-04-19,Zac Gallen,FF,88.2,2291,1.39,1.1,foul,5006,1,0
2024-04-20,Zac Gallen,CH,89.5,2286,1.09,2.41,called_strike,5005,6,2
2024-04-16,Zac Gallen,SI,82.3,2281,0.24,2.19,foul,5010,6,0
2024-04-18,Shohei Ohtani,SI,92.6,2691,-0.49,3.84,foul,5001,6,1
2024-04-21,Max Fried,SI,84.4,2411,1.39,2.51,called_strike,5008,1,2
2024-04-15,Max Fried,SL,92.1,2651,-0.26,1.23,called_strike,5011,1,1
2024-04-18,Spencer Strider,SL,93.2,2416,-0.71,4.03,swinging_strike,5015,3,1
2024-04-18,Spencer Strider,CU,80.8,1884,0.77,3.87,swinging_strike,5009,7,2
2024-04-15,Gerrit Cole,SI,88.8,2215,-0.58,2.51,ball,5000,7,0
2024-04-17,Gerrit Cole,CU,75.3,2770,0.76,4.27,foul,5006,6,2
2024-04-20,Max Fried,SI,77.9,2607,0.92,2.86,ball,5004,7,2
2024-04-19,Zac Gallen,SL,78.7,1985,0.37,3.35,called_strike,5009,3,1
2024-04-15,Max Fried,SL,79.5,2200,-0.63,3.55,ball,5014,4,1
2024-04-17,Max Fried,FC,77.6,2133,1.44,4.15,ball,5019,3,2
2024-04-19,Max Fried,SI,97.8,1898,-0.43,2.09,ball,5021,5,2
2024-04-15,Spencer Strider,FF,83.7,2405,-0.74,4.2,ball,5022,1,1
2024-04-21,Zac Gallen,SI,99.5,2405,-1.01,1.29,foul,5006,6,1
2024-04-18,Shohei Ohtani,SI,92.6,2100,0.57,1.93,foul,5018,6,2
2024-04-18,Shohei Ohtani,FF,99.5,2210,0.66,4.15,called_strike,5006,5,0
2024-04-16,Gerrit Cole,FF,88.4,2664,-0.77,4.03,hit_into_play,5019,9,1
2024-04-15,Shohei Ohtani,SL,84.6,2482,-0.49,1.48,hit_into_play,5005,6,1
2024-04-21,Gerrit Cole,FC,98.7,2683,-0.56,3.06,called_strike,5002,3,2
2024-04-18,Max Fried,CU,99.2,2197,-1.38,3.62,hit_into_play,5019,4,0
2024-04-21,Max Fried,SL,81.3,2432,0.55,2.3,foul,5001,6,0
2024-04-15,Gerrit Cole,SI,95.0,2467,-1.45,2.94,hit_into_play,5024,6,1
2024-04-15,Max Fried,FC,86.1,2048,-0.07,4.26,foul,5006,8,0
2024-04-19,Max Fried,SI,89.8,1825,-0.55,1.06,hit_into_play,5018,8,2
2024-04-19,Max Fried,CH,97.8,2528,1.42,2.96,foul,5013,3,2
2024-04-16,Shohei Ohtani,CU,90.9,1933,1.33,3.49,hit_into_play,5015,4,1
2024-04-15,Gerrit Cole,FF,76.7,2130,-1.36,2.88,hit_into_play,5010,1,1
2024-04-19,Shohei Ohtani,CH,100.5,2466,-1.29,1.3,foul,5007,6,2
2024-04-20,Shohei Ohtani,FC,83.6,1869,-0.31,1.15,ball,5015,4,0
2024-04-15,Zac Gallen,FF,89.3,1855,-0.52,3.95,hit_into_play,5001,4,2
2024-04-17,Max Fried,FF,75.8,2560,1.22,2.89,swinging_strike,5006,8,2
2024-04-16,Spencer Strider,SL,84.4,2063,-0.59,3.64,called_strike,5018,4,2
2024-04-16,Gerrit Cole,SI,81.8,2222,0.16,1.97,ball,5011,6,2
2024-04-20,Shohei Ohtani,FC,90.8,2310,-0.01,1.17,foul,5006,5,0
2024-04-15,Shohei Ohtani,FF,77.9,2582,-0.23,1.47,foul,5014,9,0
2024-04-18,Zac Gallen,SI,93.4,1849,0.86,1.26,swinging_strike,5010,3,0
2024-04-17,Max Fried,SI,91.4,2267,-1.42,3.53,called_strike,5018,8,2
2024-04-20,Zac Gallen,CU,92.2,1843,0.31,3.95,swinging_strike,5013,5,1
2024-04-19,Shohei Ohtani,FF,80.6,2284,0.24,1.13,ball,5022,9,2
2024-04-17,Gerrit Cole,CH,94.4,2166,0.92,1.24,foul,5014,2,0
2024-04-20,Zac Gallen,CU,88.0,2776,-0.2,3.18,hit_into_play,5016,6,1
2024-04-19,Spencer Strider,CU,97.5,2753,0.43,3.9,called_strike,5009,3,0
2024-04-16,Zac Gallen,CH,97.9,2372,-1.12,2.49,hit_into_play,5012,9,1
2024-04-18,Zac Gallen,SL,97.9,1906,-0.24,1.82,hit_into_play,5010,9,2
2024-04-21,Max Fried,CH,79.6,2267,-0.48,3.42,ball,5008,1,2
2024-04-17,Zac Gallen,FF,100.9,2163,-0.29,1.93,foul,5012,2,0
2024-04-17,Max Fried,SL,93.1,2313,-1.44,4.35,ball,5015,8,0
2024-04-21,Spencer Strider,SI,99.6,1930,1.1,2.15,swinging_strike,5009,8,0
2024-04-16,Shohei Ohtani,SI,79.5,2636,0.63,2.76,called_strike,5016,6,0
2024-04-16,Shohei Ohtani,CU,95.8,2442,0.37,1.13,foul,5021,4,1
2024-04-21,Max Fried,SL,98.9,2561,-0.09,4.37,ball,5023,3,1
2024-04-15,Max Fried,SI,84.9,1998,-0.44,1.73,swinging_strike,5023,3,1
2024-04-20,Spencer Strider,SL,88.5,2795,1.2,1.17,foul,5011,7,2
2024-04-18,Zac Gallen,CU,89.9,2415,-1.27,4.33,called_strike,5006,5,1
2024-04-19,Gerrit Cole,CH,84.6,1970,1.3,4.43,foul,5020,2,0
2024-04-17,Spencer Strider,FC,96.4,2284,-0.57,2.73,swinging_strike,5001,3,2
2024-04-20,Spencer Strider,SI,83.2,1943,0.36,4.14,ball,5005,2,0
2024-04-19,Spencer Strider,SL,83.5,2715,-1.19,1.28,called_strike,5013,3,2
2024-04-20,Shohei Ohtani,SI,80.0,2061,-0.28,3.46,ball,5004,5,2
2024-04-21,Max Fried,CH,94.5,2568,1.43,2.98,foul,5021,2,1
2024-04-17,Spencer Strider,CU,76.3,1959,-0.88,2.7,foul,5018,7,1
2024-04-19,Gerrit Cole,CU,88.5,2437,-1.24,3.87,called_strike,5016,8,0
2024-04-15,Gerrit Cole,CH,75.3,1874,-0.59,2.06,hit_into_play,5014,3,2
2024-04-17,Spencer Strider,SL,84.3,2322,0.22,2.16,foul,5014,8,2
2024-04-20,Gerrit Cole,CU,78.6,2560,-0.79,3.34,swinging_strike,5017,5,0
2024-04-21,Shohei Ohtani,FF,78.5,2377,0.26,3.33,called_strike,5011,2,1
2024-04-21,Zac Gallen,SI,91.6,2196,-0.25,1.73,called_strike,5016,9,2
2024-04-18,Shohei Ohtani,CH,100.8,1987,-0.47,1.08,hit_into_play,5022,8,0
2024-04-20,Max Fried,FF,99.2,2267,1.37,1.51,foul,5003,5,2
2024-04-19,Spencer Strider,SI,93.7,2287,-0.84,4.27,called_strike,5017,4,1
2024-04-16,Max Fried,FF,87.1,2372,-0.68,3.61,swinging_strike,5000,1,1
2024-04-21,Gerrit Cole,FF,88.0,2002,-1.19,2.75,called_strike,5010,5,0
2024-04-18,Zac Gallen,FF,96.6,2364,-1.25,1.49,hit_into_play,5004,8,0
2024-04-16,Max Fried,CU,92.0,2135,-0.02,1.29,hit_into_play,5013,8,2
2024-04-18,Shohei Ohtani,FF,87.4,2163,0.61,3.71,swinging_strike,5003,8,2
2024-04-16,Zac Gallen,CH,87.6,1987,0.99,3.02,swinging_strike,5023,5,0
2024-04-16,Shohei Ohtani,FC,97.8,2777,-0.8,2.97,called_strike,5023,4,2
2024-04-18,Zac Gallen,CU,95.5,2420,-1.22,2.17,swinging_strike,5011,8,0
2024-04-20,Shohei Ohtani,CH,93.0,2730,-0.42,2.26,ball,5016,3,2
2024-04-15,Gerrit Cole,SI,83.0,2573,-0.96,3.53,foul,5019,6,0
2024-04-20,Gerrit Cole,FC,94.4,2143,0.78,2.11,foul,5011,3,0
2024-04-19,Spencer Strider,SI,89.4,2415,-0.18,3.58,foul,5020,4,2
2024-04-16,Spencer Strider,CU,78.9,2131,-1.05,3.49,ball,5009,1,0
2024-04-20,Zac Gallen,FF,88.8,2209,1.21,3.88,called_strike,5013,2,0
2024-04-21,Spencer Strider,FF,84.5,2399,-1.14,4.15,hit_into_play,5018,1,2
2024-04-19,Max Fried,CH,93.8,2563,0.9,2.73,hit_into_play,5001,1,0
2024-04-17,Spencer Strider,CH,78.7,2138,0.55,3.41,ball,5018,5,0
2024-04-15,Shohei Ohtani,SL,83.7,2585,1.13,1.77,swinging_strike,5020,7,1
2024-04-15,Spencer Strider,FC,100.8,2114,0.04,4.31,swinging_strike,5021,4,1
2024-04-17,Gerrit Cole,FF,100.6,2009,-1.04,1.52,hit_into_play,5000,1,0
2024-04-17,Zac Gallen,SL,89.8,1869,0.03,2.52,hit_into_play,5001,4,1
2024-04-15,Zac Gallen,CU,82.5,2363,-0.29,1.27,swinging_strike,5006,6,0
2024-04-15,Max Fried,SL,89.5,2794,0.19,1.65,hit_into_play,5020,1,2
2024-04-19,Max Fried,SI,87.9,2656,-1.24,3.61,ball,5022,8,0
2024-04-18,Max Fried,CU,85.2,2451,1.09,1.69,ball,5015,9,0
2024-04-15,Spencer Strider,CH,100.8,2374,-1.05,1.47,swinging_strike,5000,8,0
2024-04-18,Spencer Strider,CU,80.4,2398,0.56,1.33,hit_into_play,5006,4,1
2024-04-19,Max Fried,SI,83.4,2374,0.29,4.35,hit_into_play,5008,5,1
2024-04-16,Gerrit Cole,CH,87.2,2130,-0.24,4.38,hit_into_play,5010,1,1
2024-04-17,Max Fried,SI,82.8,2722,1.09,1.4,ball,5013,9,0
2024-04-16,Spencer Strider,SL,93.1,2377,-0.29,1.7,hit_into_play,5001,4,0
2024-04-17,Shohei Ohtani,FF,89.3,2797,1.13,2.09,swinging_strike,5004,6,1
2024-04-15,Shohei Ohtani,CU,87.1,2069,-1.24,2.14,ball,5001,9,1
2024-04-17,Max Fried,SI,91.4,2338,-1.04,4.09,ball,5024,3,2
2024-04-21,Spencer Strider,FC,76.5,1952,1.0,2.75,called_strike,5007,6,0
2024-04-19,Gerrit Cole,CH,82.6,2616,-1.36,4.15,swinging_strike,5015,5,2
2024-04-21,Shohei Ohtani,FF,94.1,1893,-1.47,3.95,foul,5003,1,2
2024-04-15,Max Fried,SL,91.9,2724,-1.07,1.35,swinging_strike,5015,1,0
2024-04-19,Spencer Strider,SI,100.6,2465,0.51,4.06,hit_into_play,5006,9,1
2024-04-21,Max Fried,CU,78.0,2051,-0.74,2.83,ball,5019,5,0
2024-04-15,Zac Gallen,SI,93.3,2799,0.77,2.55,foul,5000,8,2
2024-04-18,Shohei Ohtani,FF,81.8,2562,-1.24,3.23,hit_into_play,5004,8,0
2024-04-15,Shohei Ohtani,SI,90.6,2012,-1.28,3.95,called_strike,5006,9,2
2024-04-20,Spencer Strider,FC,95.0,2095,0.41,3.29,foul,5015,6,2
2024-04-19,Shohei Ohtani,SI,78.8,2524,-1.01,2.4,ball,5012,1,0
2024-04-16,Zac Gallen,SI,96.2,2476,0.17,3.61,hit_into_play,5023,7,0
2024-04-21,Gerrit Cole,CH,87.5,1910,-0.71,2.1,foul,5022,8,0
2024-04-21,Spencer Strider,CU,91.1,2528,-0.28,2.74,foul,5022,6,1
2024-04-19,Spencer Strider,SL,82.6,2271,-0.15,2.17,called_strike,5007,1,0
2024-04-17,Shohei Ohtani,CU,79.6,2474,1.29,2.9,ball,5011,2,0
2024-04-16,Shohei Ohtani,FC,90.2,2592,0.52,2.61,ball,5021,3,2
2024-04-20,Zac Gallen,FF,91.1,2667,-1.49,3.1,ball,5016,8,2
2024-04-20,Spencer Strider,CU,79.7,1962,-0.0,4.18,called_strike,5012,5,1
2024-04-18,Zac Gallen,CU,89.2,2197,-0.73,3.67,hit_into_play,5020,1,1
2024-04-20,Max Fried,FC,78.4,2349,-0.29,3.95,hit_into_play,5003,7,0
2024-04-19,Zac Gallen,FC,93.4,1920,-0.01,1.26,foul,5009,8,0
2024-04-15,Spencer Strider,SL,76.6,2122,-0.35,3.08,ball,5017,5,0
2024-04-15,Max Fried,SL,80.6,1997,0.48,2.97,called_strike,5019,1,2
2024-04-18,Gerrit Cole,FC,82.1,2647,0.41,1.6,swinging_strike,5012,2,0
2024-04-15,Zac Gallen,CH,90.0,2363,1.17,3.79,foul,5023,6,2
2024-04-17,Max Fried,SL,90.3,2061,-0.56,1.84,swinging_strike,5019,8,1
2024-04-19,Shohei Ohtani,CU,100.1,2513,0.27,1.83,foul,5017,1,2
2024-04-17,Gerrit Cole,SI,87.2,2716,1.19,2.17,ball,5019,6,2
2024-04-20,Zac Gallen,FC,83.2,2532,0.53,4.24,called_strike,5024,6,0
2024-04-18,Max Fried,FF,86.5,2508,1.34,1.78,foul,5017,5,1
2024-04-16,Max Fried,SL,93.8,2777,0.87,4.44,called_strike,5004,5,2
2024-04-20,Max Fried,CU,91.8,2448,-0.97,1.63,foul,5000,1,0
2024-04-16,Shohei Ohtani,SI,98.0,2306,1.24,2.48,swinging_strike,5011,9,0
2024-04-16,Gerrit Cole,FF,94.2,2306,-0.32,3.3,hit_into_play,5009,7,1
2024-04-20,Zac Gallen,CU,76.2,2202,0.83,4.19,ball,5000,5,0
2024-04-16,Max Fried,FC,95.8,2033,0.06,3.98,hit_into_play,5001,4,1
2024-04-16,Zac Gallen,FF,95.0,2085,-1.06,2.48,called_strike,5019,9,0
2024-04-20,Shohei Ohtani,SL,78.3,2360,-0.51,1.91,swinging_strike,5014,2,0
2024-04-21,Gerrit Cole,CU,85.6,1958,0.95,3.4,foul,5016,6,2
2024-04-16,Max Fried,FF,79.5,1869,1.12,2.48,ball,5018,9,1
2024-04-18,Shohei Ohtani,CH,77.8,2067,1.44,3.88,swinging_strike,5010,6,2
2024-04-16,Shohei Ohtani,SI,90.3,2159,1.05,4.32,called_strike,5019,6,1
2024-04-16,Max Fried,FC,97.6,2463,0.86,4.14,called_strike,5018,4,1
2024-04-18,Gerrit Cole,SI,77.4,2320,0.25,2.24,called_strike,5003,5,1
2024-04-19,Gerrit Cole,FC,83.0,2497,0.28,2.37,ball,5022,3,2
2024-04-18,Zac Gallen,CU,92.8,2594,0.11,1.91,swinging_strike,5006,1,1
2024-04-17,Shohei Ohtani,FF,95.7,2782,-1.24,3.91,called_strike,5018,7,1
2024-04-21,Max Fried,SI,84.0,2485,-0.74,2.29,swinging_strike,5016,8,1
2024-04-18,Zac Gallen,FC,75.7,2627,-1.38,2.72,hit_into_play,5023,8,0
2024-04-21,Spencer Strider,SI,78.3,2340,1.34,4.07,ball,5000,2,1
2024-04-19,Max Fried,CU,92.4,1865,-1.26,1.63,called_strike,5022,5,2
2024-04-18,Zac Gallen,CU,86.0,1962,-0.89,2.88,foul,5015,1,1
2024-04-15,Spencer Strider,CU,76.2,2141,1.0,1.06,swinging_strike,5020,9,0
2024-04-16,Gerrit Cole,FF,95.8,2516,0.43,2.79,swinging_strike,5010,1,1
2024-04-20,Max Fried,SL,82.6,2327,0.39,1.28,hit_into_play,5005,7,2
2024-04-16,Shohei Ohtani,FC,91.1,2313,-1.22,4.36,hit_into_play,5020,9,1
2024-04-21,Max Fried,CH,95.7,2668,-0.3,3.46,swinging_strike,5011,4,0
2024-04-15,Gerrit Cole,FC,84.8,1992,-1.33,3.69,swinging_strike,5023,2,2
2024-04-15,Gerrit Cole,FC,88.5,2296,-0.4,1.79,called_strike,5006,9,0
2024-04-17,Shohei Ohtani,FC,76.3,2024,0.01,1.63,foul,5002,9,2
2024-04-16,Zac Gallen,CH,77.2,2039,0.36,1.12,hit_into_play,5010,9,1
2024-04-18,Max Fried,SI,95.9,2700,1.14,4.14,called_strike,5007,6,0
2024-04-16,Max Fried,CH,93.2,1924,-1.41,4.46,hit_into_play,5018,4,0
2024-04-21,Gerrit Cole,SI,97.4,2461,-0.09,2.46,hit_into_play,5002,2,0
2024-04-20,Max Fried,FC,84.8,2059,-0.72,3.83,foul,5003,3,0
2024-04-17,Max Fried,SI,85.5,2234,1.22,1.9,ball,5017,1,2
2024-04-18,Shohei Ohtani,FF,95.1,2092,0.33,3.79,foul,5004,9,2
2024-04-15,Zac Gallen,SL,84.6,2416,-1.26,3.23,called_strike,5021,2,0
2024-04-15,Zac Gallen,FC,100.5,2702,0.82,1.19,swinging_strike,5023,7,0
2024-04-19,Max Fried,CU,76.7,1888,-0.39,4.16,called_strike,5018,5,1
2024-04-21,Spencer Strider,CH,82.0,2221,1.04,2.69,called_strike,5016,4,0
2024-04-21,Zac Gallen,CH,81.9,1898,0.58,3.87,ball,5008,8,1
2024-04-17,Spencer Strider,SI,90.5,2532,-0.67,2.13,ball,5010,4,2
2024-04-17,Spencer Strider,FC,81.3,2363,-0.99,3.01,foul,5008,9,2
2024-04-16,Zac Gallen,CH,84.8,2512,0.3,4.26,called_strike,5012,7,1
2024-04-19,Shohei Ohtani,SI,92.4,2363,-0.59,3.6,called_strike,5021,6,0
2024-04-19,Shohei Ohtani,SL,89.2,1950,1.24,3.07,swinging_strike,5022,7,0
2024-04-18,Gerrit Cole,FC,95.9,2330,0.28,2.17,hit_into_play,5013,6,0
2024-04-20,Max Fried,CH,75.9,2792,-0.45,1.76,swinging_strike,5015,1,1
2024-04-18,Gerrit Cole,SL,77.8,2066,0.21,1.76,ball,5002,7,1
2024-04-18,Zac Gallen,SI,94.6,2567,-0.52,1.41,swinging_strike,5014,3,2
2024-04-20,Max Fried,CH,82.8,2420,1.42,1.79,called_strike,5004,2,0
2024-04-21,Zac Gallen,FC,76.6,1903,-1.16,2.98,foul,5007,8,1
2024-04-19,Spencer Strider,SI,98.0,2259,-0.38,2.11,hit_into_play,5020,6,0
2024-04-16,Zac Gallen,FC,91.3,2036,-1.11,2.75,swinging_strike,5018,1,1
2024-04-15,Max Fried,FF,99.6,2339,0.27,1.71,swinging_strike,5015,2,2
2024-04-20,Gerrit Cole,FF,80.9,2466,1.46,3.19,hit_into_play,5016,4,2
2024-04-15,Zac Gallen,CH,100.0,2276,-1.07,2.52,called_strike,5010,4,1
2024-04-16,Gerrit Cole,CH,87.1,1910,-0.89,3.38,swinging_strike,5016,8,2
2024-04-19,Gerrit Cole,SI,84.9,2561,0.97,3.11,swinging_strike,5023,8,2
2024-04-18,Spencer Strider,FC,80.8,2303,-0.48,3.57,called_strike,5021,2,1
2024-04-15,Spencer Strider,FC,86.3,1928,0.41,4.28,foul,5020,7,1
2024-04-21,Gerrit Cole,SI,99.3,2084,-1.16,2.08,hit_into_play,5012,9,1
2024-04-16,Spencer Strider,SI,93.6,2236,0.03,3.75,called_strike,5012,1,2
2024-04-21,Shohei Ohtani,CU,89.1,2035,0.58,3.65,ball,5018,9,2
2024-04-16,Zac Gallen,FF,89.1,2463,0.67,3.36,hit_into_play,5021,6,0
2024-04-15,Spencer Strider,FC,89.3,2594,0.28,2.64,swinging_strike,5021,6,2
2024-04-21,Shohei Ohtani,CH,100.2,2711,-0.94,2.21,ball,5007,8,1
2024-04-21,Gerrit Cole,CH,94.7,2768,1.17,4.4,foul,5009,4,2
2024-04-15,Spencer Strider,CU,77.6,2135,0.01,1.23,swinging_strike,5009,1,2
2024-04-19,Spencer Strider,CU,96.1,2739,-0.22,1.87,called_strike,5010,1,0
2024-04-20,Gerrit Cole,FC,75.7,2430,-1.06,3.16,swinging_strike,5020,7,0
2024-04-21,Max Fried,FF,99.1,2132,1.25,2.75,called_strike,5008,3,2
2024-04-20,Gerrit Cole,SI,92.1,1922,-1.49,2.29,called_strike,5022,9,0
2024-04-19,Spencer Strider,FF,79.9,2466,1.36,2.21,foul,5001,3,1
2024-04-21,Spencer Strider,FC,93.5,2334,-1.41,2.27,swinging_strike,5017,6,2
2024-04-20,Spencer Strider,CU,92.2,2300,-0.4,1.49,foul,5012,3,1
2024-04-18,Zac Gallen,FC,76.8,1801,0.32,1.07,foul,5000,1,2
2024-04-16,Gerrit Cole,FF,75.5,2531,-1.38,1.98,called_strike,5017,5,1
2024-04-21,Max Fried,SL,78.4,2031,-0.49,4.47,hit_into_play,5022,3,2
2024-04-19,Gerrit Cole,CH,92.6,2447,0.38,2.12,called_strike,5004,2,2
2024-04-20,Gerrit Cole,SI,99.8,2196,0.7,4.34,swinging_strike,5022,4,1
2024-04-16,Shohei Ohtani,FC,97.7,1914,0.66,1.17,called_strike,5003,6,2
2024-04-17,Spencer Strider,CH,76.0,2048,-1.41,3.98,foul,5018,1,2
2024-04-21,Max Fried,FC,95.0,2716,-1.24,3.41,hit_into_play,5011,4,1
2024-04-16,Gerrit Cole,FC,81.5,1880,-0.58,1.91,hit_into_play,5024,8,2
2024-04-19,Gerrit Cole,SI,98.0,2580,-1.35,1.67,swinging_strike,5022,6,0
2024-04-16,Max Fried,SL,100.0,2559,-0.52,2.45,called_strike,5022,5,1
2024-04-18,Max Fried,SL,84.2,2253,1.26,2.57,hit_into_play,5009,5,2
2024-04-16,Shohei Ohtani,FF,89.1,2467,0.63,3.59,swinging_strike,5014,1,2
2024-04-15,Gerrit Cole,CH,87.3,2184,-0.02,2.67,foul,5021,9,2
2024-04-17,Shohei Ohtani,FC,91.0,2120,-0.06,3.57,swinging_strike,5005,7,0
2024-04-21,Shohei Ohtani,SL,98.4,2213,-0.94,1.52,ball,5020,8,2
2024-04-21,Zac Gallen,SL,82.6,2412,1.4,4.37,ball,5024,5,2
2024-04-20,Zac Gallen,FC,96.3,2576,1.01,3.46,called_strike,5024,2,2
2024-04-16,Gerrit Cole,CH,90.1,2052,1.3,1.83,swinging_strike,5023,5,0
2024-04-16,Shohei Ohtani,SI,100.7,2201,-0.71,4.11,called_strike,5024,3,0
2024-04-16,Spencer Strider,FF,93.2,2129,1.08,3.18,ball,5014,2,2
2024-04-16,Max Fried,CU,87.8,2601,-1.5,2.34,swinging_strike,5009,1,2
2024-04-16,Max Fried,CU,92.7,2462,-1.0,2.46,called_strike,5016,3,0
2024-04-15,Max Fried,CU,86.1,2170,-0.9,3.91,hit_into_play,5024,6,1
2024-04-17,Zac Gallen,CH,75.4,1844,-1.28,3.05,called_strike,5001,5,0
2024-04-18,Zac Gallen,FF,77.2,2691,0.05,3.73,called_strike,5003,1,1
2024-04-17,Zac Gallen,FF,98.9,2318,0.45,2.79,called_strike,5009,6,2
2024-04-19,Gerrit Cole,FF,84.2,2362,-0.16,1.21,hit_into_play,5021,8,0
2024-04-15,Zac Gallen,CU,75.1,2790,-0.72,2.59,foul,5012,6,0
2024-04-15,Gerrit Cole,FF,90.1,2156,1.29,4.42,swinging_strike,5008,9,0
2024-04-18,Shohei Ohtani,CH,83.7,2583,-0.34,4.18,foul,5023,1,0
2024-04-16,Shohei Ohtani,CU,75.2,2154,-1.18,3.99,hit_into_play,5022,4,1
2024-04-21,Max Fried,CU,76.9,1987,-0.77,4.03,called_strike,5019,1,1
2024-04-18,Zac Gallen,FF,85.0,2684,-0.05,3.41,swinging_strike,5005,5,1
2024-04-15,Gerrit Cole,SI,84.5,1825,-0.69,1.42,called_strike,5024,6,1
2024-04-17,Max Fried,FF,83.4,2530,-1.12,3.49,called_strike,5015,1,2
2024-04-21,Shohei Ohtani,FC,88.0,2310,0.45,3.67,foul,5002,1,2
2024-04-15,Spencer Strider,CU,82.1,2607,0.67,3.64,called_strike,5013,6,2
2024-04-20,Max Fried,SI,87.7,2267,-1.27,3.13,ball,5005,2,2
2024-04-21,Max Fried,CU,83.5,2026,0.8,1.45,foul,5006,6,1
2024-04-21,Zac Gallen,FF,92.6,2160,-0.21,2.33,called_strike,5009,6,2
2024-04-17,Max Fried,CH,84.3,1970,-1.28,1.57,swinging_strike,5005,9,0
2024-04-16,Zac Gallen,SL,85.1,2330,-0.25,3.64,swinging_strike,5023,4,2
2024-04-15,Shohei Ohtani,SL,78.2,2209,-0.89,3.58,called_strike,5013,4,2
2024-04-16,Zac Gallen,CU,76.4,1825,1.21,1.38,foul,5021,9,2
2024-04-21,Shohei Ohtani,CH,97.8,2365,-0.61,2.0,foul,5011,7,2
2024-04-20,Shohei Ohtani,FC,78.7,2026,0.62,4.38,hit_into_play,5002,6,2
2024-04-15,Shohei Ohtani,SL,92.2,2526,0.7,4.12,called_strike,5019,4,1
2024-04-21,Shohei Ohtani,SI,98.5,1927,-0.34,2.01,called_strike,5010,6,0
2024-04-19,Gerrit Cole,CH,77.9,2075,-1.07,3.64,foul,5001,3,0
2024-04-19,Spencer Strider,CH,100.8,2100,1.2,1.13,foul,5000,3,0
2024-04-16,Max Fried,FC,77.8,2163,-0.34,3.55,hit_into_play,5020,1,0
2024-04-18,Spencer Strider,CU,99.4,2432,0.45,3.65,swinging_strike,5012,8,2
2024-04-15,Spencer Strider,SL,75.6,1896,0.61,2.43,called_strike,5019,8,0
2024-04-19,Max Fried,CU,95.2,1940,-1.05,1.32,called_strike,5021,7,0
2024-04-18,Zac Gallen,FC,80.2,2363,-1.47,3.32,ball,5024,5,2
2024-04-18,Spencer Strider,SI,82.4,2033,-0.21,3.63,hit_into_play,5009,4,1
2024-04-17,Shohei Ohtani,FF,95.6,2483,-1.29,1.17,ball,5006,1,1
2024-04-15,Zac Gallen,FC,97.2,2668,-1.13,1.72,foul,5012,9,1
2024-04-17,Shohei Ohtani,FC,97.2,2790,0.89,4.46,hit_into_play,5024,5,2
2024-04-16,Max Fried,SI,86.8,2004,-0.1,3.06,hit_into_play,5007,2,1
2024-04-16,Spencer Strider,CU,88.0,1887,0.94,4.01,foul,5001,9,2
2024-04-19,Max Fried,FF,80.2,2476,-0.01,4.08,called_strike,5009,9,0
2024-04-20,Max Fried,CU,78.2,1898,0.15,2.05,hit_into_play,5010,1,0
2024-04-18,Gerrit Cole,FF,82.6,2377,1.09,4.33,foul,5024,3,1
2024-04-21,Max Fried,FC,79.7,2205,1.37,1.19,foul,5018,7,1
2024-04-20,Max Fried,SI,84.0,2048,0.39,3.66,swinging_strike,5018,6,2
2024-04-20,Spencer Strider,SI,91.0,2331,0.42,1.05,foul,5000,6,1
2024-04-21,Spencer Strider,SI,89.3,2101,0.97,1.25,swinging_strike,5003,1,0
2024-04-15,Max Fried,SL,96.5,2776,0.58,2.52,called_strike,5013,4,1
2024-04-19,Zac Gallen,CU,75.1,1855,-0.92,1.67,foul,5001,7,1
2024-04-16,Max Fried,SI,88.8,2656,-1.01,3.36,ball,5019,4,2
2024-04-17,Max Fried,FF,78.7,2793,-0.86,2.13,ball,5009,2,1
2024-04-16,Spencer Strider,SL,100.1,2137,0.12,1.14,swinging_strike,5009,1,1
2024-04-15,Gerrit Cole,CU,94.1,1817,1.46,2.17,foul,5023,3,2
2024-04-17,Shohei Ohtani,CH,100.1,2720,1.07,4.07,swinging_strike,5000,9,2
2024-04-18,Zac Gallen,SI,89.3,2522,0.24,2.14,swinging_strike,5024,3,2
2024-04-15,Shohei Ohtani,SL,79.7,2067,-0.28,3.61,hit_into_play,5003,7,2
2024-04-21,Shohei Ohtani,SI,89.9,2098,-1.07,3.85,swinging_strike,5019,3,0
2024-04-20,Max Fried,CH,82.5,2641,-0.24,1.09,hit_into_play,5020,6,0
2024-04-19,Gerrit Cole,CU,81.2,2063,-0.01,2.4,swinging_strike,5005,1,2
2024-04-18,Zac Gallen,SI,78.5,2539,-0.56,2.22,called_strike,5003,4,1
2024-04-21,Max Fried,SL,79.1,2036,1.28,2.93,ball,5017,7,0
2024-04-21,Max Fried,FC,88.7,2328,-0.43,2.5,called_strike,5000,7,0
2024-04-17,Gerrit Cole,SL,94.7,2148,0.95,1.69,foul,5010,9,0
2024-04-18,Zac Gallen,CU,79.8,2689,-0.35,4.46,hit_into_play,5008,7,0
2024-04-16,Gerrit Cole,FC,98.3,2073,1.33,1.31,ball,5024,5,2
2024-04-18,Spencer Strider,SL,94.7,2776,1.45,3.71,hit_into_play,5018,2,1
2024-04-16,Spencer Strider,FC,76.0,2127,-1.29,3.82,hit_into_play,5021,4,2
2024-04-19,Zac Gallen,SI,90.8,2267,0.42,3.34,called_strike,5011,6,1
2024-04-20,Zac Gallen,FF,77.3,2170,0.31,1.35,called_strike,5016,3,2
2024-04-19,Spencer Strider,SL,79.4,2300,-0.81,1.1,called_strike,5020,4,0
2024-04-16,Shohei Ohtani,CU,82.0,2297,0.04,1.9,called_strike,5006,4,2
2024-04-21,Zac Gallen,SI,99.8,2447,1.04,1.82,swinging_strike,5018,5,1
2024-04-18,Shohei Ohtani,SL,90.2,2384,0.21,1.67,hit_into_play,5010,5,2
2024-04-20,Spencer Strider,CU,94.5,2442,-0.56,3.19,swinging_strike,5014,1,1
2024-04-20,Gerrit Cole,CH,97.3,1994,-1.04,4.33,foul,5024,8,0
2024-04-21,Gerrit Cole,SI,91.3,2560,0.94,2.09,called_strike,5016,2,1
2024-04-17,Zac Gallen,CU,80.7,2336,0.7,2.79,ball,5019,4,1
2024-04-17,Gerrit Cole,CU,80.7,2195,-0.91,4.15,ball,5001,9,0
2024-04-18,Gerrit Cole,CU,99.1,1950,-1.38,2.74,ball,5004,3,0
2024-04-21,Zac Gallen,CU,98.9,1911,-1.41,3.72,foul,5002,5,0
2024-04-17,Gerrit Cole,FF,96.0,2016,0.02,3.99,hit_into_play,5011,5,2
2024-04-20,Shohei Ohtani,FC,85.3,2559,1.29,2.69,ball,5007,3,0
2024-04-19,Spencer Strider,CU,87.0,2363,0.13,1.68,ball,5023,4,0
2024-04-16,Gerrit Cole,CH,93.4,2447,-0.2,2.74,called_strike,5007,8,2
2024-04-19,Spencer Strider,FC,87.5,2633,0.5,2.77,foul,5006,2,0
2024-04-21,Spencer Strider,CH,98.9,2233,-0.22,2.22,called_strike,5020,2,0
2024-04-21,Gerrit Cole,CH,97.5,2593,0.95,4.34,called_strike,5021,3,0
2024-04-21,Spencer Strider,FC,78.1,2411,0.04,1.16,hit_into_play,5016,8,1
2024-04-21,Gerrit Cole,SI,92.3,2782,1.13,3.95,ball,5023,8,0
2024-04-21,Zac Gallen,CH,75.2,2363,-1.45,1.67,hit_into_play,5008,4,2
2024-04-20,Gerrit Cole,CU,87.7,2233,0.55,2.95,hit_into_play,5015,3,2
2024-04-21,Shohei Ohtani,FF,86.4,1982,-1.32,1.38,called_strike,5010,9,0
2024-04-15,Gerrit Cole,SL,76.6,2405,0.58,4.28,hit_into_play,5019,5,0
2024-04-17,Gerrit Cole,FF,92.7,2523,-1.38,1.04,ball,5015,4,1
2024-04-16,Max Fried,SI,100.3,2184,0.46,2.43,ball,5001,1,2
2024-04-15,Gerrit Cole,SL,92.7,1967,1.0,2.05,foul,5011,7,2
2024-04-17,Zac Gallen,CH,75.1,1940,0.92,3.19,hit_into_play,5002,3,2
2024-04-19,Gerrit Cole,SL,86.3,1822,0.69,3.27,ball,5021,6,0
2024-04-21,Zac Gallen,CU,89.8,2313,-1.48,2.45,called_strike,5023,3,2
2024-04-19,Gerrit Cole,FC,75.1,2684,-1.13,1.64,called_strike,5006,5,2
2024-04-20,Spencer Strider,SI,90.7,1943,-0.49,2.59,swinging_strike,5002,4,1
2024-04-17,Shohei Ohtani,FF,85.4,2661,-1.33,3.62,swinging_strike,5008,4,0
2024-04-18,Spencer Strider,SI,87.8,2522,-1.32,2.63,hit_into_play,5013,2,2
2024-04-18,Max Fried,SL,99.5,2485,-0.36,4.01,swinging_strike,5009,1,1
2024-04-20,Zac Gallen,CU,91.6,2250,-1.01,3.84,called_strike,5024,6,2
2024-04-16,Gerrit Cole,CH,95.0,2651,-0.64,2.56,swinging_strike,5012,5,1
2024-04-20,Max Fried,CU,78.0,2560,-0.15,3.65,hit_into_play,5021,7,2
2024-04-18,Shohei Ohtani,FF,81.7,2789,-0.66,3.88,ball,5016,6,2
2024-04-16,Spencer Strider,FC,77.3,2755,0.08,3.28,ball,5018,3,1
2024-04-18,Gerrit Cole,FC,90.2,2122,0.34,3.0,called_strike,5008,3,1
2024-04-16,Shohei Ohtani,FF,95.3,2363,-0.7,4.15,foul,5011,7,2
2024-04-20,Spencer Strider,SL,94.5,2651,-1.44,1.49,swinging_strike,5012,9,0
2024-04-21,Zac Gallen,CU,93.3,1952,-0.47,1.93,hit_into_play,5008,3,0
2024-04-16,Spencer Strider,FC,100.7,2740,-0.58,4.24,ball,5022,4,0
2024-04-17,Spencer Strider,CU,89.8,2601,0.45,1.67,foul,5020,7,1
2024-04-19,Gerrit Cole,FC,94.3,2573,0.9,3.28,ball,5015,7,1
2024-04-15,Spencer Strider,CH,81.4,2678,-0.58,3.99,swinging_strike,5017,5,2
2024-04-21,Zac Gallen,FF,80.5,2320,0.97,1.17,swinging_strike,5021,8,2
2024-04-15,Max Fried,FF,81.6,2184,1.45,1.15,swinging_strike,5022,2,2
2024-04-17,Spencer Strider,FF,82.7,1938,0.96,1.45,ball,5010,2,2
2024-04-17,Spencer Strider,SI,93.6,2133,0.83,3.14,hit_into_play,5020,4,1
2024-04-21,Max Fried,CH,86.5,2683,1.33,3.85,ball,5019,7,2
2024-04-21,Gerrit Cole,SI,95.4,2158,-1.28,2.2,called_strike,5001,6,0
2024-04-16,Spencer Strider,CU,92.7,2315,-0.39,3.27,hit_into_play,5009,4,2
2024-04-18,Zac Gallen,SL,76.6,2113,-0.41,2.28,called_strike,5004,5,1
2024-04-15,Zac Gallen,FF,92.4,2632,0.07,1.4,hit_into_play,5024,4,1
2024-04-16,Spencer Strider,SI,77.5,2439,0.53,4.12,swinging_strike,5019,5,1
2024-04-18,Shohei Ohtani,FC,81.6,2384,-1.37,3.45,swinging_strike,5014,5,1
2024-04-19,Max Fried,CH,89.8,1845,1.41,2.63,swinging_strike,5012,5,1
2024-04-16,Max Fried,SL,80.6,2047,-0.72,4.25,swinging_strike,5010,9,1
2024-04-20,Gerrit Cole,SL,76.0,1888,-0.95,3.85,called_strike,5008,5,1
2024-04-16,Max Fried,CH,85.3,2412,1.23,3.99,swinging_strike,5013,2,0
2024-04-18,Spencer Strider,CH,95.5,2008,1.33,2.39,foul,5022,8,1
2024-04-18,Spencer Strider,SL,92.3,2174,-0.78,4.04,swinging_strike,5004,8,1
2024-04-19,Max Fried,SL,82.9,2349,-0.77,1.44,foul,5012,1,1
2024-04-16,Zac Gallen,SL,81.8,2352,-0.9,3.28,called_strike,5013,8,0
2024-04-18,Zac Gallen,SI,99.2,2629,-0.86,2.15,swinging_strike,5010,5,1
2024-04-15,Max Fried,FF,98.3,2442,1.2,1.78,foul,5004,1,0
2024-04-20,Gerrit Cole,SI,87.4,2276,1.38,3.69,ball,5023,3,0
2024-04-17,Gerrit Cole,SI,85.6,2507,-0.28,2.42,hit_into_play,5021,4,0
2024-04-21,Gerrit Cole,FC,86.9,2637,-0.69,1.75,ball,5017,5,0
2024-04-19,Max Fried,CH,92.9,1938,-0.05,3.84,foul,5011,2,0
2024-04-19,Spencer Strider,SI,93.5,1952,-0.5,2.66,ball,5011,4,0
2024-04-19,Max Fried,SL,99.0,1919,0.17,2.24,foul,5022,8,2
2024-04-21,Shohei Ohtani,FC,95.1,2529,0.69,1.11,swinging_strike,5019,2,2
2024-04-17,Spencer Strider,CH,84.0,2798,0.74,4.39,swinging_strike,5016,7,1
2024-04-17,Zac Gallen,FC,76.7,2645,1.27,1.7,foul,5021,4,2
2024-04-21,Spencer Strider,FF,89.4,1855,0.98,2.07,hit_into_play,5020,4,2
2024-04-16,Max Fried,FC,83.4,2205,0.53,3.93,hit_into_play,5000,7,0
2024-04-21,Shohei Ohtani,FC,97.9,1855,0.01,1.13,hit_into_play,5007,9,2
2024-04-18,Shohei Ohtani,CU,81.9,2331,-0.37,1.06,called_strike,5004,2,1
2024-04-16,Zac Gallen,SL,78.6,2192,-0.1,1.53,called_strike,5001,5,0
2024-04-16,Spencer Strider,FC,78.9,2685,-0.31,1.11,foul,5011,1,2
